DA_Number,Detail_URL,Description,Submitted_Date,Decision,Categories,Property_Address,Applicant,Progress,Fees,Documents,Contact_Council
PCD25/1649,https://www3.shoalhaven.nsw.gov.au/masterviewUI/modules/ApplicationMaster/default.aspx?page=wrapper&key=735024&propkey=36617, Single Storey Secondary Dwelling,,Approved on 02/10/2025,Private Certifier Complying Development App,"79 Albert St, NOWRA",Bacchus Partners Pty Ltd,['Actioned|Description|Date Sent|Date Due|Date Rec.|Status'],Not required,PCD25/1649 MODIFIED - P Bacchus - CR-2025-88901 - 79 Alb...,Not required
PCD25/1650,https://www3.shoalhaven.nsw.gov.au/masterviewUI/modules/ApplicationMaster/default.aspx?page=wrapper&key=735044&propkey=23849, Single Storey Dwelling,,Approved on 01/10/2025,Private Certifier Complying Development App,"38 Curvers Dr, MANYANA",The Trustee for Cocert Unit Trust,['Actioned|Description|Date Sent|Date Due|Date Rec.|Status'],Not required,PCD25/1650 MODIFIED - J Anslow - CR-2025-88746 - 38 Curv...,Not required
PCD25/1651,https://www3.shoalhaven.nsw.gov.au/masterviewUI/modules/ApplicationMaster/default.aspx?page=wrapper&key=735049&propkey=42843, Swimming Pool,,Approved on 01/10/2025,Private Certifier Complying Development App,"15 Old Woollamia Rd, FALLS CREEK",Pyramid Building Services,['Actioned|Description|Date Sent|Date Due|Date Rec.|Status'],Not required,PCD25/1651 MODIFIED - Y El-Masri - CR-2025-89042 - 15 Ol...,Not required
PCD25/1652,https://www3.shoalhaven.nsw.gov.au/masterviewUI/modules/ApplicationMaster/default.aspx?page=wrapper&key=735067&propkey=84079, Single Storey Secondary Dwelling,,Approved on 02/10/2025,Private Certifier Complying Development App,"178 Old Southern Rd, WORRIGEE",Bacchus Partners Pty Ltd,['Actioned|Description|Date Sent|Date Due|Date Rec.|Status'],Not required,PCD25/1652 MODIFIED - Bacchus Partners Pty Ltd - CR-2025...,Not required
PCD25/1653,https://www3.shoalhaven.nsw.gov.au/masterviewUI/modules/ApplicationMaster/default.aspx?page=wrapper&key=735124&propkey=1005518, Singel Storey Dual Occupancy Attached,,Approved on 02/10/2025,Private Certifier Complying Development App,"3 Wedgetail St, BADAGARANG",City Building Approvals Pty Ltd,['Actioned|Description|Date Sent|Date Due|Date Rec.|Status'],Not required,PCD25/1653 M Petrovski - CR-2025-89361 - 3 Wedgetail Str...,Not required
PCD25/1654,https://www3.shoalhaven.nsw.gov.au/masterviewUI/modules/ApplicationMaster/default.aspx?page=wrapper&key=735203&propkey=1005328, Two Storey Dwelling,,Approved on 07/10/2025,Private Certifier Complying Development App,"2 Paperbark Gr, BADAGARANG",Buildcert NSW Pty Ltd,['Actioned|Description|Date Sent|Date Due|Date Rec.|Status'],Not required,PCD25/1654 Buildcert NSW Pty Ltd - CR-2025-89817 - 2 Pap...,Not required
PCD25/1655,https://www3.shoalhaven.nsw.gov.au/masterviewUI/modules/ApplicationMaster/default.aspx?page=wrapper&key=735224&propkey=1005320, Single Storey Dual Occupancy Attached,,Approved on 07/10/2025,Private Certifier Complying Development App,"14 Corymbia Way, BADAGARANG",Bacchus Partners Pty Ltd,['Actioned|Description|Date Sent|Date Due|Date Rec.|Status'],Not required,PCD25/1655 Bacchus Partners Pty Ltd - CR-2025-89937 - 14...,Not required
PCD25/1656,https://www3.shoalhaven.nsw.gov.au/masterviewUI/modules/ApplicationMaster/default.aspx?page=wrapper&key=735227&propkey=1005328, Retaining Wall,,Approved on 07/10/2025,Private Certifier Complying Development App,"2 Paperbark Gr, BADAGARANG",Buildcert NSW Pty Ltd,['Actioned|Description|Date Sent|Date Due|Date Rec.|Status'],Not required,PCD25/1656 Buildcert NSW Pty Ltd - CR-2025-89944 - 2 Pap...,Not required
PCD25/1657,https://www3.shoalhaven.nsw.gov.au/masterviewUI/modules/ApplicationMaster/default.aspx?page=wrapper&key=735232&propkey=1005294, Single Storey Dwelling,,Approved on 07/10/2025,Private Certifier Complying Development App,"Wirraway Bvd, BADAGARANG",Bacchus Partners Pty Ltd,['Actioned|Description|Date Sent|Date Due|Date Rec.|Status'],Not required,PCD25/1657 Bacchus Partners Pty Ltd - CR-2025-89966 - Wi...,Not required
PCD25/1658,https://www3.shoalhaven.nsw.gov.au/masterviewUI/modules/ApplicationMaster/default.aspx?page=wrapper&key=735263&propkey=1005764, Industrial Storage Warehouse,,Approved on 07/10/2025,Private Certifier Complying Development App,"4 Concorde Way, BOMADERRY",Bacchus Partners Pty Ltd,['Actioned|Description|Date Sent|Date Due|Date Rec.|Status'],Not required,PCD25/1658 CONTRIBUTIONS TO BE CALCULATED - Bacchus Part...,Not required
PCD25/1659,https://www3.shoalhaven.nsw.gov.au/masterviewUI/modules/ApplicationMaster/default.aspx?page=wrapper&key=735353&propkey=81103, Detached Shed,,Approved on 07/10/2025,Private Certifier Complying Development App,"140C Bryces Rd, FAR MEADOW",AIS Certifiers Pty Ltd,['Actioned|Description|Date Sent|Date Due|Date Rec.|Status'],Not required,PCD25/1659 A Certifiers - CR-2025-90562 - 140C Bryces Ro...,Not required
PCD25/1660,https://www3.shoalhaven.nsw.gov.au/masterviewUI/modules/ApplicationMaster/default.aspx?page=wrapper&key=735409&propkey=34033, Demolition,,Approved on 09/10/2025,Private Certifier Complying Development App,"133 McMahons Rd, NORTH NOWRA",Home Building Certifiers Pty Ltd,['Actioned|Description|Date Sent|Date Due|Date Rec.|Status'],Not required,PCD25/1660 Home Building Certifiers Pty Ltd - CR-2025-90...,Not required
PCD25/1661,https://www3.shoalhaven.nsw.gov.au/masterviewUI/modules/ApplicationMaster/default.aspx?page=wrapper&key=735447&propkey=84654, Dwelling Alterations & Additions,,Approved on 09/10/2025,Private Certifier Complying Development App,"8 Alexandra St, BERRY",AIS Certifiers Pty Ltd,['Actioned|Description|Date Sent|Date Due|Date Rec.|Status'],Not required,PCD25/1661 MODIFIED - AIS Certifiers Pty Ltd - CR-2025-9...,Not required
PCD25/1662,https://www3.shoalhaven.nsw.gov.au/masterviewUI/modules/ApplicationMaster/default.aspx?page=wrapper&key=735503&propkey=3274, Dwelling Alterations & Additions,,Approved on 09/10/2025,Private Certifier Complying Development App,"96 Greenbank Gr, CULBURRA BEACH",AIS Certifiers Pty Ltd,['Actioned|Description|Date Sent|Date Due|Date Rec.|Status'],Not required,PCD25/1662 AIS Certifiers Pty Ltd - CR-2025-91065 - 96 G...,Not required
PCD25/1663,https://www3.shoalhaven.nsw.gov.au/masterviewUI/modules/ApplicationMaster/default.aspx?page=wrapper&key=735510&propkey=87537, Swimming Pool,,Approved on 09/10/2025,Private Certifier Complying Development App,"171 Rayleigh Dr, WORRIGEE",Bacchus Partners Pty Ltd,['Actioned|Description|Date Sent|Date Due|Date Rec.|Status'],Not required,PCD25/1663 Bacchus Partners Pty Ltd - CR-2025-91102 - 17...,Not required
PCD25/1664,https://www3.shoalhaven.nsw.gov.au/masterviewUI/modules/ApplicationMaster/default.aspx?page=wrapper&key=735544&propkey=31619, Three Lot Subdivision,,Approved on 09/10/2025,Private Certifier Complying Development App,"64 Currambene St, HUSKISSON",Brear Pty Ltd,['Actioned|Description|Date Sent|Date Due|Date Rec.|Status'],Not required,PCD25/1664 Brear Pty Ltd - CR-2025-91236 - 64 Currambene...,Not required
PCD25/1665,https://www3.shoalhaven.nsw.gov.au/masterviewUI/modules/ApplicationMaster/default.aspx?page=wrapper&key=735620&propkey=119167, Swimming Pool & Spa,,Approved on 09/10/2025,Private Certifier Complying Development App,"26A Streamside St, WOOLLAMIA",Central Certification Services Pty Ltd,['Actioned|Description|Date Sent|Date Due|Date Rec.|Status'],Not required,PCD25/1665 Central Certification Services Pty Ltd - CR-2...,Not required
PCD25/1666,https://www3.shoalhaven.nsw.gov.au/masterviewUI/modules/ApplicationMaster/default.aspx?page=wrapper&key=735625&propkey=116292, Commercial Alterations & Additions,,Approved on 10/10/2025,Private Certifier Complying Development App,"193 Princes Hwy, SOUTH NOWRA",McKenzie Group Consulting (NSW) Pty Ltd,['Actioned|Description|Date Sent|Date Due|Date Rec.|Status'],Not required,PCD25/1666 McKenzie Group Consulting (NSW) Pty Ltd - CR-...,Not required
PCD25/1667,https://www3.shoalhaven.nsw.gov.au/masterviewUI/modules/ApplicationMaster/default.aspx?page=wrapper&key=735646&propkey=20994, Dwelling Alterations & Additions,,Approved on 13/10/2025,Private Certifier Complying Development App,"53 Burrill St, HUSKISSON",New Home Certification Group Pty Ltd,['Actioned|Description|Date Sent|Date Due|Date Rec.|Status'],Not required,PCD25/1667 New Home Certification Group Pty Ltd - CR-202...,Not required
PCD25/1668,https://www3.shoalhaven.nsw.gov.au/masterviewUI/modules/ApplicationMaster/default.aspx?page=wrapper&key=735669&propkey=15523, Dwelling Alterations & Additions. Detached Shed,,Approved on 13/10/2025,Private Certifier Complying Development App,"7 Carnelian Cl, ULLADULLA",New Home Certification Group Pty Ltd,['Actioned|Description|Date Sent|Date Due|Date Rec.|Status'],Not required,PCD25/1668 New Home Certification Group Pty Ltd - CR-202...,Not required
PCD25/1669,https://www3.shoalhaven.nsw.gov.au/masterviewUI/modules/ApplicationMaster/default.aspx?page=wrapper&key=735672&propkey=40651, Swimming Pool,,Approved on 13/10/2025,Private Certifier Complying Development App,"4 Nunkeri Pl, NORTH NOWRA",AIS Certifiers Pty Ltd,['Actioned|Description|Date Sent|Date Due|Date Rec.|Status'],Not required,PCD25/1669 AIS Certifiers Pty Ltd - CR-2025-91902 - 4 Nu...,Not required
PCD25/1670,https://www3.shoalhaven.nsw.gov.au/masterviewUI/modules/ApplicationMaster/default.aspx?page=wrapper&key=735687&propkey=91809, Shed,,Approved on 13/10/2025,Private Certifier Complying Development App,"374 Hames Rd, YERRIYONG",New Home Certification Group Pty Ltd,['Actioned|Description|Date Sent|Date Due|Date Rec.|Status'],Not required,PCD25/1670 New Home Certification Group Pty Ltd - CR-202...,Not required
PCD25/1671,https://www3.shoalhaven.nsw.gov.au/masterviewUI/modules/ApplicationMaster/default.aspx?page=wrapper&key=735749&propkey=1005158, Single Storey Dwelling,,Approved on 13/10/2025,Private Certifier Complying Development App,"25 Spica St, BADAGARANG",Accredited Building Certifiers NSW Pty Ltd,['Actioned|Description|Date Sent|Date Due|Date Rec.|Status'],Not required,PCD25/1671 Accredited Building Certifiers (NSW) Pty Ltd ...,Not required
PCD25/1672,https://www3.shoalhaven.nsw.gov.au/masterviewUI/modules/ApplicationMaster/default.aspx?page=wrapper&key=735798&propkey=27832, Single Storey Secondary Dwelling,,Approved on 14/10/2025,Private Certifier Complying Development App,"74 Lennox Rd, CALLALA BEACH",AIS Certifiers Pty Ltd,['Actioned|Description|Date Sent|Date Due|Date Rec.|Status'],Not required,PCD25/1672 MODIFIED - AIS Certifiers Pty Ltd - CR-2025-9...,Not required
PCD25/1673,https://www3.shoalhaven.nsw.gov.au/masterviewUI/modules/ApplicationMaster/default.aspx?page=wrapper&key=735880&propkey=81866, Dwelling Alterations & Additions,,Approved on 15/10/2025,Private Certifier Complying Development App,"28 Lomandra Pl, ULLADULLA",Bacchus Partners Pty Ltd,['Actioned|Description|Date Sent|Date Due|Date Rec.|Status'],Not required,PCD25/1673 Bacchus Partners Pty Ltd - CR-2025-92950 - 28...,Not required
PCD25/1674,https://www3.shoalhaven.nsw.gov.au/masterviewUI/modules/ApplicationMaster/default.aspx?page=wrapper&key=735886&propkey=3173, Swimming Pool,,Approved on 15/10/2025,Private Certifier Complying Development App,"21 Fairlight Way, CULBURRA BEACH",AIS Certifiers Pty Ltd,['Actioned|Description|Date Sent|Date Due|Date Rec.|Status'],Not required,PCD25/1674 AIS Certifiers Pty Ltd - CR-2025-93017 - 21 F...,Not required
PCD25/1675,https://www3.shoalhaven.nsw.gov.au/masterviewUI/modules/ApplicationMaster/default.aspx?page=wrapper&key=735909&propkey=116292, Commercial Alterations & Additions,,Approved on 15/10/2025,Private Certifier Complying Development App,"193 Princes Hwy, SOUTH NOWRA",McKenzie Group Consulting (NSW) Pty Ltd,['Actioned|Description|Date Sent|Date Due|Date Rec.|Status'],Not required,PCD25/1675 McKenzie Group Consulting (NSW) Pty Ltd - CR-...,Not required
PCD25/1676,https://www3.shoalhaven.nsw.gov.au/masterviewUI/modules/ApplicationMaster/default.aspx?page=wrapper&key=735933&propkey=10046, Demolition,,Approved on 15/10/2025,Private Certifier Complying Development App,"120 The Park Dr, SANCTUARY POINT",AIS Certifiers Pty Ltd,['Actioned|Description|Date Sent|Date Due|Date Rec.|Status'],Not required,PCD25/1676 AIS Certifiers Pty Ltd - CR-2025-93193 - 120 ...,Not required
PCD25/1677,https://www3.shoalhaven.nsw.gov.au/masterviewUI/modules/ApplicationMaster/default.aspx?page=wrapper&key=735963&propkey=45538, Dwelling Alterations & Additions,,Approved on 15/10/2025,Private Certifier Complying Development App,"226 Tindalls Lane, BROUGHTON",Bacchus Partners Pty Ltd,['Actioned|Description|Date Sent|Date Due|Date Rec.|Status'],Not required,PCD25/1677 Bacchus Partners Pty Ltd - CR-2025-93395 - 22...,Not required
PCD25/1678,https://www3.shoalhaven.nsw.gov.au/masterviewUI/modules/ApplicationMaster/default.aspx?page=wrapper&key=735967&propkey=119887, Swimming Pool,,Approved on 15/10/2025,Private Certifier Complying Development App,"10 Parker Cr, BERRY",S & L Certifiers Pty Ltd,['Actioned|Description|Date Sent|Date Due|Date Rec.|Status'],Not required,PCD25/1678 H Mills - CR-2025-93418 - 10 Parker Crescent ...,Not required
PCD25/1679,https://www3.shoalhaven.nsw.gov.au/masterviewUI/modules/ApplicationMaster/default.aspx?page=wrapper&key=735987&propkey=4178, Two Storey Dwelling,,Approved on 15/10/2025,Private Certifier Complying Development App,"99 Penguins Head Rd, CULBURRA BEACH",AIS Certifiers Pty Ltd,['Actioned|Description|Date Sent|Date Due|Date Rec.|Status'],Not required,PCD25/1679 A Certifiers - CR-2025-93528 - 99 Penguins He...,Not required
PCD25/1680,https://www3.shoalhaven.nsw.gov.au/masterviewUI/modules/ApplicationMaster/default.aspx?page=wrapper&key=736013&propkey=3274, Alterations and Additions to Existing Dwelling,,Declined on 16/10/2025,Private Certifier Complying Development App,"96 Greenbank Gr, CULBURRA BEACH",AIS Certifiers Pty Ltd,['Actioned|Description|Date Sent|Date Due|Date Rec.|Status'],Not required,No documents are currently available.,Not required
PCD25/1681,https://www3.shoalhaven.nsw.gov.au/masterviewUI/modules/ApplicationMaster/default.aspx?page=wrapper&key=736045&propkey=118644, Swimming Pool,,Approved on 16/10/2025,Private Certifier Complying Development App,"16 Womack Cl, BERRY",Premium Building Certifiers,['Actioned|Description|Date Sent|Date Due|Date Rec.|Status'],Not required,PCD25/1681 Premium Building Certifiers - CR-2025-93711 -...,Not required
PCD25/1682,https://www3.shoalhaven.nsw.gov.au/masterviewUI/modules/ApplicationMaster/default.aspx?page=wrapper&key=736079&propkey=1003908, Single Storey Dual Occupancy Attached,,Approved on 20/10/2025,Private Certifier Complying Development App,"67 Patrina Cct, ST GEORGES BASIN",Bacchus Partners Pty Ltd,['Actioned|Description|Date Sent|Date Due|Date Rec.|Status'],Not required,PCD25/1682 Bacchus Partners Pty Ltd - CR-2025-93799 - 67...,Not required
PCD25/1683,https://www3.shoalhaven.nsw.gov.au/masterviewUI/modules/ApplicationMaster/default.aspx?page=wrapper&key=736118&propkey=1003523, Dwelling Alterations & Additions.,,Approved on 20/10/2025,Private Certifier Complying Development App,"8 Hilder Cl, MILTON",AMG Building Consultants,['Actioned|Description|Date Sent|Date Due|Date Rec.|Status'],Not required,PCD25/1683 AMG Building Consultants - CR-2025-93924 - 8 ...,Not required
PCD25/1684,https://www3.shoalhaven.nsw.gov.au/masterviewUI/modules/ApplicationMaster/default.aspx?page=wrapper&key=736139&propkey=1003912, Two Lot Torrens Title Subdivision,,Approved on 20/10/2025,Private Certifier Complying Development App,"59 Patrina Cct, ST GEORGES BASIN",Barker Ryan Stewart Pty Ltd,['Actioned|Description|Date Sent|Date Due|Date Rec.|Status'],Not required,PCD25/1684 Barker Ryan Stewart Pty Ltd - CR-2025-93975 -...,Not required
PCD25/1685,https://www3.shoalhaven.nsw.gov.au/masterviewUI/modules/ApplicationMaster/default.aspx?page=wrapper&key=736143&propkey=1003892, Two Lot Subdivision,,Approved on 20/10/2025,Private Certifier Complying Development App,"34 Patrina Cct, ST GEORGES BASIN",Barker Ryan Stewart Pty Ltd,['Actioned|Description|Date Sent|Date Due|Date Rec.|Status'],Not required,PCD25/1685 Barker Ryan Stewart Pty Ltd - CR-2025-94001 -...,Not required
PCD25/1686,https://www3.shoalhaven.nsw.gov.au/masterviewUI/modules/ApplicationMaster/default.aspx?page=wrapper&key=736200&propkey=1005732, Single Storey Dwelling,,Approved on 20/10/2025,Private Certifier Complying Development App,"21 Sandhurst Cr, MOLLYMOOK BEACH",Buildcert NSW Pty Ltd,['Actioned|Description|Date Sent|Date Due|Date Rec.|Status'],Not required,PCD25/1686 Buildcert NSW Pty Ltd - CR-2025-94246 - 21 Sa...,Not required
PCD25/1687,https://www3.shoalhaven.nsw.gov.au/masterviewUI/modules/ApplicationMaster/default.aspx?page=wrapper&key=736268&propkey=1005507, Single Storey Dual Occupancy Attached,,Approved on 20/10/2025,Private Certifier Complying Development App,"27 Deering St, ULLADULLA",AIS Certifiers Pty Ltd,['Actioned|Description|Date Sent|Date Due|Date Rec.|Status'],Not required,PCD25/1687 AIS Certifiers Pty Ltd - CR-2025-94609 - 27 D...,Not required
PCD25/1688,https://www3.shoalhaven.nsw.gov.au/masterviewUI/modules/ApplicationMaster/default.aspx?page=wrapper&key=736272&propkey=80091, Single Storey Dwelling,,Approved on 20/10/2025,Private Certifier Complying Development App,"40 Browns Mountain Rd, TAPITALLEE",AIS Certifiers Pty Ltd,['Actioned|Description|Date Sent|Date Due|Date Rec.|Status'],Not required,PCD25/1688 AIS Certifiers Pty Ltd - CR-2025-94628 - 40 B...,Not required
PCD25/1689,https://www3.shoalhaven.nsw.gov.au/masterviewUI/modules/ApplicationMaster/default.aspx?page=wrapper&key=736312&propkey=48433, Swimming Pool,,Approved on 20/10/2025,Private Certifier Complying Development App,"4 Westhaven Av, NOWRA",AIS Certifiers Pty Ltd,['Actioned|Description|Date Sent|Date Due|Date Rec.|Status'],Not required,PCD25/1689 AIS Certifiers Pty Ltd - CR-2025-94869 - 4 We...,Not required
PCD25/1690,https://www3.shoalhaven.nsw.gov.au/masterviewUI/modules/ApplicationMaster/default.aspx?page=wrapper&key=736313&propkey=28030, Demolition,,Approved on 20/10/2025,Private Certifier Complying Development App,"92 Murray St, CALLALA BAY",AIS Certifiers Pty Ltd,['Actioned|Description|Date Sent|Date Due|Date Rec.|Status'],Not required,PCD25/1690 AIS Certifiers Pty Ltd - CR-2025-94870 - 92 M...,Not required
PCD25/1691,https://www3.shoalhaven.nsw.gov.au/masterviewUI/modules/ApplicationMaster/default.aspx?page=wrapper&key=736314&propkey=7054, Dwelling Alterations & Additions. Swimming Pool,,Approved on 20/10/2025,Private Certifier Complying Development App,"272 The Wool Rd, ST GEORGES BASIN",AIS Certifiers Pty Ltd,['Actioned|Description|Date Sent|Date Due|Date Rec.|Status'],Not required,PCD25/1691 AIS Certifiers Pty Ltd - CR-2025-94872 - 272 ...,Not required
PCD25/1692,https://www3.shoalhaven.nsw.gov.au/masterviewUI/modules/ApplicationMaster/default.aspx?page=wrapper&key=736315&propkey=1005507, New Construction of Dual Occupancy,,Declined on 20/10/2025,Private Certifier Complying Development App,"27 Deering St, ULLADULLA",AIS Certifiers Pty Ltd,['Actioned|Description|Date Sent|Date Due|Date Rec.|Status'],Not required,No documents are currently available.,Not required
PCD25/1693,https://www3.shoalhaven.nsw.gov.au/masterviewUI/modules/ApplicationMaster/default.aspx?page=wrapper&key=736317&propkey=80091, New Construction of Dwelling and Shed,,Declined on 20/10/2025,Private Certifier Complying Development App,"40 Browns Mountain Rd, TAPITALLEE",AIS Certifiers Pty Ltd,['Actioned|Description|Date Sent|Date Due|Date Rec.|Status'],Not required,No documents are currently available.,Not required
PCD25/1694,https://www3.shoalhaven.nsw.gov.au/masterviewUI/modules/ApplicationMaster/default.aspx?page=wrapper&key=736339&propkey=1005811, Torrens Title Subdivision,,Approved on 21/10/2025,Private Certifier Complying Development App,"16 Allerton Av, CULBURRA BEACH",CEH Consulting Pty Ltd,['Actioned|Description|Date Sent|Date Due|Date Rec.|Status'],Not required,PCD25/1694 CEH Consulting Pty Ltd - CR-2025-94972 - 16 A...,Not required
PCD25/1695,https://www3.shoalhaven.nsw.gov.au/masterviewUI/modules/ApplicationMaster/default.aspx?page=wrapper&key=736342&propkey=1006152, Commercial Alterations & Additions,,Approved on 21/10/2025,Private Certifier Complying Development App,"39A Cambewarra Rd, BOMADERRY",Blackett Maguire & Goldsmith Pty Ltd,['Actioned|Description|Date Sent|Date Due|Date Rec.|Status'],Not required,PCD25/1695 Blackett Maguire & Goldsmith Pty Ltd - CR-202...,Not required
PCD25/1696,https://www3.shoalhaven.nsw.gov.au/masterviewUI/modules/ApplicationMaster/default.aspx?page=wrapper&key=736346&propkey=1005810, Torrens Title Subdivision,,Approved on 21/10/2025,Private Certifier Complying Development App,"156 Marina Lane, CULBURRA BEACH",CEH Consulting Pty Ltd,['Actioned|Description|Date Sent|Date Due|Date Rec.|Status'],Not required,PCD25/1696 CEH Consulting Pty Ltd - CR-2025-94998 - 156 ...,Not required
PCD25/1697,https://www3.shoalhaven.nsw.gov.au/masterviewUI/modules/ApplicationMaster/default.aspx?page=wrapper&key=736433&propkey=88997, Dwelling Alterations & Additions,,Approved on 27/10/2025,Private Certifier Complying Development App,"156B Mackays Rd, UPPER KANGAROO RIVER",Bacchus Partners Pty Ltd,['Actioned|Description|Date Sent|Date Due|Date Rec.|Status'],Not required,PCD25/1697 MODIFIED - Bacchus Partners Pty Ltd - CR-2025...,Not required
PCD25/1698,https://www3.shoalhaven.nsw.gov.au/masterviewUI/modules/ApplicationMaster/default.aspx?page=wrapper&key=736451&propkey=3335, Two Storey Dwelling & Swimming Pool,,Approved on 24/10/2025,Private Certifier Complying Development App,"8 Haven St, CULBURRA BEACH",Sanders & Co Building Certification,['Actioned|Description|Date Sent|Date Due|Date Rec.|Status'],Not required,PCD25/1698 Sanders & Co Building Certification - CR-2025...,Not required
PCD25/1699,https://www3.shoalhaven.nsw.gov.au/masterviewUI/modules/ApplicationMaster/default.aspx?page=wrapper&key=736550&propkey=1002256, Single Storey Dual Occupancy Attached,,Approved on 27/10/2025,Private Certifier Complying Development App,"40 Birkdale Cct, SUSSEX INLET",Bacchus Partners Pty Ltd,['Actioned|Description|Date Sent|Date Due|Date Rec.|Status'],Not required,PCD25/1699 Bacchus Partners Pty Ltd - CR-2025-95882 - 40...,Not required
PCD25/1700,https://www3.shoalhaven.nsw.gov.au/masterviewUI/modules/ApplicationMaster/default.aspx?page=wrapper&key=736596&propkey=73072, Commercial Alterations & Additions,,Approved on 27/10/2025,Private Certifier Complying Development App,"17 Boree St, ULLADULLA",Building Certification Associates Pty Ltd,['Actioned|Description|Date Sent|Date Due|Date Rec.|Status'],Not required,PCD25/1700 Building Certification Associates Pty Ltd - C...,Not required
PCD25/1701,https://www3.shoalhaven.nsw.gov.au/masterviewUI/modules/ApplicationMaster/default.aspx?page=wrapper&key=736690&propkey=19854, Dwelling Alterations & Additions,,Approved on 27/10/2025,Private Certifier Complying Development App,"40 Church St, MILTON",AMG Building Consultants,['Actioned|Description|Date Sent|Date Due|Date Rec.|Status'],Not required,PCD25/1701 AMG Building Consultants - CR-2025-96525 - 40...,Not required
PCD25/1702,https://www3.shoalhaven.nsw.gov.au/masterviewUI/modules/ApplicationMaster/default.aspx?page=wrapper&key=736692&propkey=121592, Swim Spa,,Approved on 27/10/2025,Private Certifier Complying Development App,"6A Coral Sea Dr, WEST NOWRA",AIS Certifiers Pty Ltd,['Actioned|Description|Date Sent|Date Due|Date Rec.|Status'],Not required,PCD25/1702 AIS Certifiers Pty Ltd - CR-2025-96530 - 6A C...,Not required
PCD25/1703,https://www3.shoalhaven.nsw.gov.au/masterviewUI/modules/ApplicationMaster/default.aspx?page=wrapper&key=736739&propkey=1005254, Single Storey Dwelling,,Approved on 27/10/2025,Private Certifier Complying Development App,"Wirraway Bvd, BADAGARANG",Bacchus Partners Pty Ltd,['Actioned|Description|Date Sent|Date Due|Date Rec.|Status'],Not required,PCD25/1703 MODIFIED - Bacchus Partners Pty Ltd - CR-2025...,Not required
PCD25/1704,https://www3.shoalhaven.nsw.gov.au/masterviewUI/modules/ApplicationMaster/default.aspx?page=wrapper&key=736807&propkey=1001812, Commercial Alterations & Additions,,Approved on 27/10/2025,Private Certifier Complying Development App,"164C Princes Hwy, SOUTH NOWRA
5/164C Princes Hwy, SOUTH NOWRA",Bacchus Partners Pty Ltd,['Actioned|Description|Date Sent|Date Due|Date Rec.|Status'],Not required,PCD25/1704 Bacchus Partners Pty Ltd - CR-2025-97078 - 5/...,Not required
PCD25/1705,https://www3.shoalhaven.nsw.gov.au/masterviewUI/modules/ApplicationMaster/default.aspx?page=wrapper&key=736825&propkey=1005535, Single Storey Dwelling,,Approved on 27/10/2025,Private Certifier Complying Development App,"7 Sabre St, BADAGARANG",Bacchus Partners Pty Ltd,['Actioned|Description|Date Sent|Date Due|Date Rec.|Status'],Not required,PCD25/1705 Bacchus Partners Pty Ltd - CR-2025-97174 - 7 ...,Not required
PCD25/1706,https://www3.shoalhaven.nsw.gov.au/masterviewUI/modules/ApplicationMaster/default.aspx?page=wrapper&key=736834&propkey=120693, Swimming Pool,,Approved on 27/10/2025,Private Certifier Complying Development App,"B640 Princes Hwy, JASPERS BRUSH",Bacchus Partners Pty Ltd,['Actioned|Description|Date Sent|Date Due|Date Rec.|Status'],Not required,PCD25/1706 Bacchus Partners Pty Ltd - CR-2025-97220 - 64...,Not required
PCD25/1707,https://www3.shoalhaven.nsw.gov.au/masterviewUI/modules/ApplicationMaster/default.aspx?page=wrapper&key=736841&propkey=1003862, Single Storey Dual Occupancy Attached,,Approved on 27/10/2025,Private Certifier Complying Development App,"3 Patrina Cct, ST GEORGES BASIN",Bacchus Partners Pty Ltd,['Actioned|Description|Date Sent|Date Due|Date Rec.|Status'],Not required,PCD25/1707 Bacchus Partners Pty Ltd - CR-2025-97248 - 3 ...,Not required
PCD25/1708,https://www3.shoalhaven.nsw.gov.au/masterviewUI/modules/ApplicationMaster/default.aspx?page=wrapper&key=736863&propkey=117365, Commercial Alterations & Additions,,Approved on 28/10/2025,Private Certifier Complying Development App,"8 Moona Creek Rd, VINCENTIA",The Trustee for The BSG Unit Trust,['Actioned|Description|Date Sent|Date Due|Date Rec.|Status'],Not required,PCD25/1708 The Trustee for The BSG Unit Trust - CR-2025-...,Not required
PCD25/1709,https://www3.shoalhaven.nsw.gov.au/masterviewUI/modules/ApplicationMaster/default.aspx?page=wrapper&key=736907&propkey=79444, Residential - Dual Occupancy - detached single storey,,Declined on 28/10/2025,Private Certifier Complying Development App,"45 Little Forest Rd, LITTLE FOREST",Building Certification Associates Pty Ltd,['Actioned|Description|Date Sent|Date Due|Date Rec.|Status'],Not required,No documents are currently available.,Not required
PCD25/1710,https://www3.shoalhaven.nsw.gov.au/masterviewUI/modules/ApplicationMaster/default.aspx?page=wrapper&key=736929&propkey=19034, Dwelling Alterations & Additions,,Approved on 28/10/2025,Private Certifier Complying Development App,"2 The Court, MOLLYMOOK BEACH",AMG Building Consultants,['Actioned|Description|Date Sent|Date Due|Date Rec.|Status'],Not required,PCD25/1710 AMG Building Consultants - CR-2025-97725 - 2 ...,Not required
PCD25/1711,https://www3.shoalhaven.nsw.gov.au/masterviewUI/modules/ApplicationMaster/default.aspx?page=wrapper&key=736950&propkey=42724, Detached Shed,,Approved on 28/10/2025,Private Certifier Complying Development App,"52 Parma Rd, FALLS CREEK",AIS Certifiers Pty Ltd,['Actioned|Description|Date Sent|Date Due|Date Rec.|Status'],Not required,PCD25/1711 MODIFIED - AIS Certifiers Pty Ltd - CR-2025-9...,Not required
PCD25/1712,https://www3.shoalhaven.nsw.gov.au/masterviewUI/modules/ApplicationMaster/default.aspx?page=wrapper&key=736953&propkey=3336, Single Storey Dwelling,,Approved on 28/10/2025,Private Certifier Complying Development App,"10 Haven St, CULBURRA BEACH",AIS Certifiers Pty Ltd,['Actioned|Description|Date Sent|Date Due|Date Rec.|Status'],Not required,PCD25/1712 AIS Certifiers Pty Ltd - CR-2025-97925 - 10 H...,Not required
PCD25/1713,https://www3.shoalhaven.nsw.gov.au/masterviewUI/modules/ApplicationMaster/default.aspx?page=wrapper&key=736954&propkey=1004298, Single Storey Dwelling,,Approved on 28/10/2025,Private Certifier Complying Development App,"Corymbia Way, BADAGARANG",AIS Certifiers Pty Ltd,['Actioned|Description|Date Sent|Date Due|Date Rec.|Status'],Not required,PCD25/1713 AIS Certifiers Pty Ltd - CR-2025-97930 - Cory...,Not required
PCD25/1714,https://www3.shoalhaven.nsw.gov.au/masterviewUI/modules/ApplicationMaster/default.aspx?page=wrapper&key=737001&propkey=15840, Dwelling Alterations & Additions,,Approved on 28/10/2025,Private Certifier Complying Development App,"17 Fitch St, ULLADULLA",Bacchus Partners Pty Ltd,['Actioned|Description|Date Sent|Date Due|Date Rec.|Status'],Not required,PCD25/1714 P Bacchus - CR-2025-98071 - 17 Fitch Street U...,Not required
PCD25/1715,https://www3.shoalhaven.nsw.gov.au/masterviewUI/modules/ApplicationMaster/default.aspx?page=wrapper&key=737010&propkey=1003133," Single Storey Dwelling, Swimming Pool & Shed",,Approved on 28/10/2025,Private Certifier Complying Development App,"49 Sugar Glider Drive, TAPITALLEE",AIS Certifiers Pty Ltd,['Actioned|Description|Date Sent|Date Due|Date Rec.|Status'],Not required,PCD25/1715 A Certifiers - CR-2025-98159 - 49 Sugar Glide...,Not required
PCD25/1716,https://www3.shoalhaven.nsw.gov.au/masterviewUI/modules/ApplicationMaster/default.aspx?page=wrapper&key=737013&propkey=2054, Swimming Pool & Spa,,Approved on 28/10/2025,Private Certifier Complying Development App,"13 Staples St, SHOALHAVEN HEADS",AMG Building Consultants,['Actioned|Description|Date Sent|Date Due|Date Rec.|Status'],Not required,PCD25/1716 K Gibbs - CR-2025-98178 - 13 Staples Street S...,Not required
PCD25/1717,https://www3.shoalhaven.nsw.gov.au/masterviewUI/modules/ApplicationMaster/default.aspx?page=wrapper&key=737158&propkey=46178, Detached Shed,,Approved on 30/10/2025,Private Certifier Complying Development App,"280 Main Rd, CAMBEWARRA",Bacchus Partners Pty Ltd,['Actioned|Description|Date Sent|Date Due|Date Rec.|Status'],Not required,PCD25/1717 Bacchus Partners Pty Ltd - CR-2025-98780 - 28...,Not required
PCD25/1718,https://www3.shoalhaven.nsw.gov.au/masterviewUI/modules/ApplicationMaster/default.aspx?page=wrapper&key=737161&propkey=98660, Dwelling Alterations & Additions,,Approved on 30/10/2025,Private Certifier Complying Development App,"5 Barbata Gr, SOUTH NOWRA",Bacchus Partners Pty Ltd,['Actioned|Description|Date Sent|Date Due|Date Rec.|Status'],Not required,PCD25/1718 Bacchus Partners Pty Ltd - CR-2025-98811 - 5 ...,Not required
PCD25/1719,https://www3.shoalhaven.nsw.gov.au/masterviewUI/modules/ApplicationMaster/default.aspx?page=wrapper&key=737163&propkey=92395, Demolition,,Approved on 30/10/2025,Private Certifier Complying Development App,"18 The Concourse, CAMBEWARRA VILLAGE",Home Building Certifiers Pty Ltd,['Actioned|Description|Date Sent|Date Due|Date Rec.|Status'],Not required,PCD25/1719 Home Building Certifiers Pty Ltd - CR-2025-98...,Not required
PCD25/1720,https://www3.shoalhaven.nsw.gov.au/masterviewUI/modules/ApplicationMaster/default.aspx?page=wrapper&key=737203&propkey=84125, Detached Shed,,Approved on 30/10/2025,Private Certifier Complying Development App,"93 Jasmine Dr, BOMADERRY",Bacchus Partners Pty Ltd,['Actioned|Description|Date Sent|Date Due|Date Rec.|Status'],Not required,PCD25/1720 P Bacchus - CR-2025-99045 - 93 Jasmine Drive ...,Not required
PCD25/1721,https://www3.shoalhaven.nsw.gov.au/masterviewUI/modules/ApplicationMaster/default.aspx?page=wrapper&key=737204&propkey=84811, Dwelling Alterations & Additions,,Approved on 30/10/2025,Private Certifier Complying Development App,"3 Springfield Dr, MOLLYMOOK",Bacchus Partners Pty Ltd,['Actioned|Description|Date Sent|Date Due|Date Rec.|Status'],Not required,PCD25/1721 P Bacchus - CR-2025-99055 - 3 Springfield Dri...,Not required
PCD25/1722,https://www3.shoalhaven.nsw.gov.au/masterviewUI/modules/ApplicationMaster/default.aspx?page=wrapper&key=737241&propkey=1005302, Single Storey Dwelling,,Approved on 30/10/2025,Private Certifier Complying Development App,"Eumundi Av, BADAGARANG",Buildcert NSW Pty Ltd,['Actioned|Description|Date Sent|Date Due|Date Rec.|Status'],Not required,PCD25/1722 T Fahey - CR-2025-99223 - Eumundi Avenue BADA...,Not required
PCD25/1723,https://www3.shoalhaven.nsw.gov.au/masterviewUI/modules/ApplicationMaster/default.aspx?page=wrapper&key=737324&propkey=1004395, Two Lot Torrens Title Subdivision,,Approved on 31/10/2025,Private Certifier Complying Development App,"110 Lancaster Dr, BADAGARANG",Brear Pty Ltd,['Actioned|Description|Date Sent|Date Due|Date Rec.|Status'],Not required,PCD25/1723 R Brear - CR-2025-99674 - 110 Lancaster Drive...,Not required
SFH2025/1152,https://www3.shoalhaven.nsw.gov.au/masterviewUI/modules/ApplicationMaster/default.aspx?page=wrapper&key=735137&propkey=19728, Solid Fuel Heater Installation,,AwaitInstl on 14/10/2025,Local Government Act Approvals,"17 Shepherd St, MOLLYMOOK",Peter Lukin,"['Actioned|Description|Date Sent|Date Due|Date Rec.|Status', '02/10/2025|Application Received|2025-10-02||2025-10-02|Past', '14/10/2025|Approved to Install|2025-10-14|2026-10-14|2025-10-14|Past', '15/10/2025|Applicant Install Complete|2025-10-15||2025-10-15|Current']",$209,No documents are currently available.,This application is on exhibition - Lodge a submission - (Submissions Close: 14/10/2026 3:40:35 PM)
SFH2025/1153,https://www3.shoalhaven.nsw.gov.au/masterviewUI/modules/ApplicationMaster/default.aspx?page=wrapper&key=735351&propkey=87639, Solid Fuel Heater Installation,,Completed on 27/10/2025,Local Government Act Approvals,"52 Sheraton Cct, BOMADERRY",Paolino Serbatoio,"['Actioned|Description|Date Sent|Date Due|Date Rec.|Status', '07/10/2025|Application Received|2025-10-07||2025-10-07|Past', '27/10/2025|Applicant Install Complete|2025-10-27||2025-10-27|Past', '27/10/2025|Approved to Install|2025-10-27|2026-10-27|2025-10-27|Past']",$209,No documents are currently available.,This application is on exhibition - Lodge a submission - (Submissions Close: 27/10/2026 9:15:50 AM)
SFH2025/1154,https://www3.shoalhaven.nsw.gov.au/masterviewUI/modules/ApplicationMaster/default.aspx?page=wrapper&key=735677&propkey=63432, Solid Fuel Heater Installation,,AwaitInstl on 14/10/2025,Local Government Act Approvals,"511 Croobyar Rd, CROOBYAR",Peter Edward Bruce Shilling Clair Jane Shilling,"['Actioned|Description|Date Sent|Date Due|Date Rec.|Status', '10/10/2025|Application Received|2025-10-10||2025-10-10|Past', '14/10/2025|Approved to Install|2025-10-14|2026-10-14|2025-10-14|Past', '15/10/2025|Applicant Install Complete|2025-10-15||2025-10-15|Current']",$209,No documents are currently available.,This application is on exhibition - Lodge a submission - (Submissions Close: 14/10/2026 3:47:46 PM)
SFH2025/1155,https://www3.shoalhaven.nsw.gov.au/masterviewUI/modules/ApplicationMaster/default.aspx?page=wrapper&key=736343&propkey=15135, Solid Fuel Heater Installation,,AwaitInstl on 31/10/2025,Local Government Act Approvals,"8 Mona St, CULBURRA BEACH",Myson & Berkery Architects Pty Ltd,"['Actioned|Description|Date Sent|Date Due|Date Rec.|Status', '20/10/2025|Application Received|2025-10-20||2025-10-20|Past', '29/10/2025|Approved to Install|2025-10-29|2026-10-29|2025-10-29|Past', '31/10/2025|Approved to Install|2025-10-31|2026-10-31|2025-10-31|Past', '31/10/2025|Applicant Install Complete|2025-10-31||2025-10-31|Current']",$209,No documents are currently available.,This application is on exhibition - Lodge a submission - (Submissions Close: 31/10/2026 2:55:33 PM)
SFH2025/1156,https://www3.shoalhaven.nsw.gov.au/masterviewUI/modules/ApplicationMaster/default.aspx?page=wrapper&key=736675&propkey=80091, Solid Fuel Heater Installation,,AwaitInstl on 10/11/2025,Local Government Act Approvals,"40 Browns Mountain Rd, TAPITALLEE",Garsh Developments Pty Ltd,"['Actioned|Description|Date Sent|Date Due|Date Rec.|Status', '23/10/2025|Application Received|2025-10-23||2025-10-23|Past', '10/11/2025|Applicant Install Complete|2025-11-10||2025-11-10|Current', '10/11/2025|Approved to Install|2025-11-10|2026-11-10|2025-11-10|Past']",$209,No documents are currently available.,This application is on exhibition - Lodge a submission - (Submissions Close: 10/11/2026 1:26:58 PM)
SFH2025/1157,https://www3.shoalhaven.nsw.gov.au/masterviewUI/modules/ApplicationMaster/default.aspx?page=wrapper&key=736743&propkey=26391, Solid Fuel Heater Installation,,AwaitInstl on 25/11/2025,Local Government Act Approvals,"108 Malibu Dr, BAWLEY POINT",Christopher Edward O'Callaghan,"['Actioned|Description|Date Sent|Date Due|Date Rec.|Status', '23/10/2025|Application Received|2025-10-23||2025-10-23|Past', '25/11/2025|Approved to Install|2025-11-25|2026-11-25|2025-11-25|Past', '26/11/2025|Applicant Install Complete|2025-11-26||2025-11-26|Current']",$209,No documents are currently available.,This application is on exhibition - Lodge a submission - (Submissions Close: 25/11/2026 3:48:57 PM)
SFH2025/1158,https://www3.shoalhaven.nsw.gov.au/masterviewUI/modules/ApplicationMaster/default.aspx?page=wrapper&key=736745&propkey=23870, Solid Fuel Heater Installation,,AwaitInstl on 27/10/2025,Local Government Act Approvals,"7 Curvers Dr, MANYANA",Glen Ronald Judd,"['Actioned|Description|Date Sent|Date Due|Date Rec.|Status', '23/10/2025|Application Received|2025-10-23||2025-10-23|Past', '27/10/2025|Approved to Install|2025-10-27|2026-10-27|2025-10-27|Past', '28/10/2025|Applicant Install Complete|2025-10-28||2025-10-28|Current']",$209,No documents are currently available.,This application is on exhibition - Lodge a submission - (Submissions Close: 27/10/2026 3:49:07 PM)
SFH2025/1159,https://www3.shoalhaven.nsw.gov.au/masterviewUI/modules/ApplicationMaster/default.aspx?page=wrapper&key=736750&propkey=1002191, Solid Fuel Heater Installation,,AwaitInstl on 17/11/2025,Local Government Act Approvals,"56 Pebbly Beach Rd, EAST LYNNE",Geoffrey John Robb,"['Actioned|Description|Date Sent|Date Due|Date Rec.|Status', '23/10/2025|Application Received|2025-10-23||2025-10-23|Past', '17/11/2025|Approved to Install|2025-11-17|2026-11-17|2025-11-17|Past', '17/11/2025|Applicant Install Complete|2025-11-17||2025-11-17|Current']",$209,No documents are currently available.,This application is on exhibition - Lodge a submission - (Submissions Close: 17/11/2026 1:10:27 PM)
SFH2025/1160,https://www3.shoalhaven.nsw.gov.au/masterviewUI/modules/ApplicationMaster/default.aspx?page=wrapper&key=737191&propkey=1003133, Solid Fuel Heater Installation,,AwaitInstl on 10/11/2025,Local Government Act Approvals,"49 Sugar Glider Drive, TAPITALLEE",Craig Johnson Design & Drafting,"['Actioned|Description|Date Sent|Date Due|Date Rec.|Status', '30/10/2025|Application Received|2025-10-30||2025-10-30|Past', '10/11/2025|Applicant Install Complete|2025-11-10||2025-11-10|Current', '10/11/2025|Approved to Install|2025-11-10|2026-11-10|2025-11-10|Past']",$209,No documents are currently available.,This application is on exhibition - Lodge a submission - (Submissions Close: 10/11/2026 1:20:49 PM)
SFH2025/1161,https://www3.shoalhaven.nsw.gov.au/masterviewUI/modules/ApplicationMaster/default.aspx?page=wrapper&key=737205&propkey=44777, Solid Fuel Heater Installation,,AwaitInstl on 10/11/2025,Local Government Act Approvals,"65B Edwards Av, BOMADERRY",Debra Kim Traill,"['Actioned|Description|Date Sent|Date Due|Date Rec.|Status', '30/10/2025|Application Received|2025-10-30||2025-10-30|Past', '10/11/2025|Applicant Install Complete|2025-11-10||2025-11-10|Current', '10/11/2025|Approved to Install|2025-11-10|2026-11-10|2025-11-10|Past']",$209,No documents are currently available.,This application is on exhibition - Lodge a submission - (Submissions Close: 10/11/2026 1:34:15 PM)
SFH2025/1162,https://www3.shoalhaven.nsw.gov.au/masterviewUI/modules/ApplicationMaster/default.aspx?page=wrapper&key=737215&propkey=92932, Solid Fuel Heater Installation,,AwaitInstl on 19/11/2025,Local Government Act Approvals,"227 Moss Vale Rd, KANGAROO VALLEY",Gary Michael Finlay,"['Actioned|Description|Date Sent|Date Due|Date Rec.|Status', '30/10/2025|Application Received|2025-10-30||2025-10-30|Past', '19/11/2025|Approved to Install|2025-11-19|2026-11-19|2025-11-19|Past', '20/11/2025|Applicant Install Complete|2025-11-20||2025-11-20|Current']",$209,No documents are currently available.,This application is on exhibition - Lodge a submission - (Submissions Close: 19/11/2026 8:32:10 AM)
DA25/2235,https://www3.shoalhaven.nsw.gov.au/masterviewUI/modules/ApplicationMaster/default.aspx?page=wrapper&key=735090&propkey=1003135, Single dwelling house with detached shed and inground swimming pool, 03/10/2025,Approved on 15/12/2025,Development Application,"53 Sugar Glider Drive, TAPITALLEE",McDonald Jones Homes Pty Ltd,"['Actioned|Description|Date Sent|Date Due|Date Rec.|Status', '02/10/2025|Development Application Received|2025-10-02||2025-10-02|Past']",$3290.56,"DA25/2235 McDonald Jones Homes Pty Ltd - PAN-577850 - 5...
DA25/2235/1 Application - McDonald Jones Homes Pty Ltd - ...
  *D25/441977 Certificate - BASIX - 53 Sugar Glider Drive T... 
  *D25/441987 Plans - Landscape - 53 Sugar Glider Drive TA... 
  *D25/441990 Plans - Schedule of Colours, Materials and Fi... 
  *D25/441978 Forms - Waste Minimisation and Management - 5... 
  *D25/441998 Report - Biodiversity Offset Scheme - 53 Suga... 
  *D25/441994 Report - Bushfire Assessment - 53 Sugar Glide... 
  *D25/441996 Report - Statement of Environmental Effects -... 
  *D25/441985 Plans - Notification - V2 - 53 Sugar Glider D... 
  *D25/441997 Report - Wastewater Management - 53 Sugar Gl... 
DA25/2235/2 Notification / Submissions - McDonald Jones H...
DA25/2235/3 Referrals - McDonald Jones Homes Pty Ltd - PA...
DA25/2235/6 Determination - McDonald Jones Homes Pty Ltd ...
  *D25/586588 Notice of Determination - Dwelling, Swimming ... 
  *D25/586572 Approved Plans - 53 Sugar Glider Dr TAPITALLE... 
  *D25/586581 Basix Certificate - 53 Sugar Glider Dr TAPITA... 
DA25/2235/5 Inspections - McDonald Jones Homes Pty Ltd - ...
DA25/2235/8 Connected Documents - McDonald Jones Homes Pt...
DA25/2235/4 Assessment - McDonald Jones Homes Pty Ltd - P...
DA25/2235/7 Post Determination - McDonald Jones Homes Pty...",Not required
DA25/2237,https://www3.shoalhaven.nsw.gov.au/masterviewUI/modules/ApplicationMaster/default.aspx?page=wrapper&key=735097&propkey=25587, Dwelling, 03/10/2025,Approved on 11/11/2025,Development Application,"11 Wattle St, FISHERMANS PARADISE",Ian Smith,"['Actioned|Description|Date Sent|Date Due|Date Rec.|Status', '02/10/2025|Development Application Received|2025-10-02||2025-10-02|Past']",$1842.56,"DA25/2237/2 Notification / Submissions - I Smith - PAN-57...
DA25/2237 I Smith - PAN-577871 - 11 Wattle Street FISHE...
DA25/2237/4 Assessment - I Smith - PAN-577871 - 11 Wattle...
DA25/2237/6 Determination - I Smith - PAN-577871 - 11 Wat...
  *D25/531983 Approved Plans (external) DA2025 2237 - 11 Wa... 
  *D25/531964 Determination - DA2025 2237 - 11 Wattle St Fi... 
DA25/2237/1 Application - I Smith - PAN-577871 - 11 Wattl...
  *D25/442668 Forms - Waste Management - 11 Wattle Street ... 
  *D25/442664 Certificate - BASIX - 11 Wattle Street FISHE... 
  *D25/442680 Report - Biodiversity Offset Scheme - 11 Watt... 
  *D25/442682 Report - Statement of Environmental Effects -... 
  *D25/442675 Plans - Notification Plans - 11 Wattle Street... 
DA25/2237/5 Inspections - I Smith - PAN-577871 - 11 Wattl...
DA25/2237/3 Referrals - I Smith - PAN-577871 - 11 Wattle ...
DA25/2237/8 Connected Documents - I Smith - PAN-577871 - ...
DA25/2237/7 Post Determination - I Smith - PAN-577871 - 1...",Not required
DA25/2243,https://www3.shoalhaven.nsw.gov.au/masterviewUI/modules/ApplicationMaster/default.aspx?page=wrapper&key=735156&propkey=1005015, Single storey dwelling house, 03/10/2025,Approved on 18/11/2025,Development Application,"10A West Cr, CULBURRA BEACH",McDonald Jones Homes Pty Ltd,"['Actioned|Description|Date Sent|Date Due|Date Rec.|Status', '02/10/2025|Development Application Received|2025-10-02||2025-10-02|Past']",$2092.94,"DA25/2243/3 Referrals - McDonald Jones Homes Pty Ltd - PA...
DA25/2243/4 Assessment - McDonald Jones Homes Pty Ltd - P...
DA25/2243/2 Notification / Submissions - McDonald Jones H...
DA25/2243 McDonald Jones Homes Pty Ltd - PAN-578113 - 1...
DA25/2243/1 Application - McDonald Jones Homes Pty Ltd - ...
  *D25/441686 Report - Energy Efficiency Assessment - 10A... 
  *D25/441665 Certificate - BASIX - 10A West Crescent CULB... 
  *D25/441678 Plans - Site - 10A West Crescent CULBURRA BEA... 
  *D25/441675 Plans - Notification - 10A West Crescent CUL... 
  *D25/441676 Plans - Landscape - 10A West Crescent CULBURR... 
  *D25/441683 Plans - Schedule of Colours, Materials and Fi... 
  *D25/441689 Report - Waste Minimisation and Management -... 
  *D25/441688 Report - Biodiversity Offset Scheme (BOSET) -... 
  *D25/441684 Report - Statement of Environmental Effects -... 
  *D25/441687 Report - Bushfire Assessment - 10A West Cresc... 
  *D25/535829 Revised Notification Plan - 10A West Crescent... 
DA25/2243/5 Inspections - McDonald Jones Homes Pty Ltd - ...
DA25/2243/8 Connected Documents - McDonald Jones Homes Pt...
DA25/2243/6 Determination - McDonald Jones Homes Pty Ltd ...
  *D25/544226 Notice of Determination - DA2025/2243 - 10A W... 
  *D25/544205 Approved - Plans (Public view) - DA2025/2243 ... 
  *D25/544210 Approved - Bushfire Assessment Report - DA202... 
  *D25/544214 Approved - BASIX Certificate - DA2025/2243 - ... 
DA25/2243/7 Post Determination - McDonald Jones Homes Pty...",Not required
DA25/2245,https://www3.shoalhaven.nsw.gov.au/masterviewUI/modules/ApplicationMaster/default.aspx?page=wrapper&key=735202&propkey=70046, Demolition of sheds and construction of a shed, 07/10/2025,Approved on 25/11/2025,Development Application,"291B Brooman Rd, MORTON",Garsh Developments Pty Ltd,"['Actioned|Description|Date Sent|Date Due|Date Rec.|Status', '03/10/2025|Development Application Received|2025-10-03||2025-10-03|Past']",$1151.68,"DA25/2245/4 Assessment - Garsh Developments Pty Ltd - PAN...
DA25/2245 Garsh Developments Pty Ltd - PAN-578227 - 291...
DA25/2245/3 Referrals - Garsh Developments Pty Ltd - PAN-...
DA25/2245/2 Notification / Submissions - Garsh Developmen...
DA25/2245/5 Inspections - Garsh Developments Pty Ltd - PA...
DA25/2245/1 Application - Garsh Developments Pty Ltd - PA...
  *D25/443580 Plans - Waste Management - 291B Brooman Road... 
  *D25/443587 Report - Bushfire Assessment - 291B Brooman R... 
  *D25/443589 Report - Statement of Environmental Effects -... 
  *D25/443588 Report - Biodiversity Offsets Scheme - 291B B... 
  *D25/443579 Plans - Site - 291B Brooman Road MORTON NSW ... 
  *D25/443585 Plans - Notification - 291B Brooman Road MOR... 
  *D25/449554 Revised Building Plans with OSSM- DA2025/2245... 
DA25/2245/8 Connected Documents - Garsh Developments Pty ...
DA25/2245/6 Determination - Garsh Developments Pty Ltd - ...
  *D25/553069 Approved External Plans - DA2025/2245 - Shed ... 
  *D25/553081 Approved Statement of Environmental Effects -... 
  *D25/553098 Notice of Determination - Alterations and Add... 
DA25/2245/7 Post Determination - Garsh Developments Pty L...",Not required
MA25/1326,https://www3.shoalhaven.nsw.gov.au/masterviewUI/modules/ApplicationMaster/default.aspx?page=wrapper&key=735057&propkey=1006129, S4.55(1A) to DA2024/2353 - updated to Lot and DP shown on consent, 07/10/2025,Approved on 10/10/2025,Modification Application,"Wombat Dr, YATTE YATTAH",Ashley Goldsbrough,"['Actioned|Description|Date Sent|Date Due|Date Rec.|Status', '01/10/2025|Modification Application Received|2025-10-01||2025-10-01|Past']",$321,"MA25/1326 A Goldsbrough - PAN-577640 - Wombat Drive YAT...
MA25/1326/6 Determination - A Goldsbrough - PAN-577640 - ...
  *D25/448665 Consolidated Consent MA2025 1326 213185 - Wom... 
MA25/1326/4 Assessment - A Goldsbrough - PAN-577640 - Wom...
MA25/1326/3 Referrals - A Goldsbrough - PAN-577640 - Womb...
MA25/1326/7 Post Determination - A Goldsbrough - PAN-5776...
MA25/1326/2 Notification / Submissions - A Goldsbrough - ...
MA25/1326/8 Connected Documents - A Goldsbrough - PAN-577...
MA25/1326/1 Application - A Goldsbrough - PAN-577640 - Wo...
  *D25/444191 Report - Supporting Statement (DA2024 2353) -... 
MA25/1326/5 Inspections - A Goldsbrough - PAN-577640 - Wo...",Not required
MA25/1327,https://www3.shoalhaven.nsw.gov.au/masterviewUI/modules/ApplicationMaster/default.aspx?page=wrapper&key=735058&propkey=1006129, S4.55(1A) to DA2022/1144 - amendment to Lot and DP details, 07/10/2025,Approved on 10/10/2025,Modification Application,"Wombat Dr, YATTE YATTAH",Ashley Goldsbrough,"['Actioned|Description|Date Sent|Date Due|Date Rec.|Status', '01/10/2025|Modification Application Received|2025-10-01||2025-10-01|Past']",Not required,"MA25/1327/2 Notification / Submissions - A Goldsbrough - ...
MA25/1327/1 Application - A Goldsbrough - PAN-577696 - Wo...
  *D25/442705 Consolidated Consent - DA22/1144 - Wombat Dr... 
  *D25/442700 Letter - Modification cover - Wombat Drive YA... 
MA25/1327 A Goldsbrough - PAN-577696 - Wombat Drive YAT...
MA25/1327/4 Assessment - A Goldsbrough - PAN-577696 - Wom...
MA25/1327/3 Referrals - A Goldsbrough - PAN-577696 - Womb...
MA25/1327/5 Inspections - A Goldsbrough - PAN-577696 - Wo...
MA25/1327/7 Post Determination - A Goldsbrough - PAN-5776...
MA25/1327/6 Determination - A Goldsbrough - PAN-577696 - ...
  *D25/448641 Consolidated Consent MA2025 1327 213168 - Wom... 
MA25/1327/8 Connected Documents - A Goldsbrough - PAN-577...",Not required
DA25/2236,https://www3.shoalhaven.nsw.gov.au/masterviewUI/modules/ApplicationMaster/default.aspx?page=wrapper&key=735096&propkey=1005076, Two lot Strata subdivision of a dual occupancy (attached), 08/10/2025,Approved on 22/10/2025,Development Application,"5 Charles St, MILTON",Joshua Wooden,"['Actioned|Description|Date Sent|Date Due|Date Rec.|Status', '02/10/2025|Development Application Received|2025-10-02||2025-10-02|Past']",$560,"DA25/2236/2 Notification / Submissions - J Wooden - PAN-5...
DA25/2236 J Wooden - PAN-575163 - 5 Charles Street MILT...
DA25/2236/6 Determination - J Wooden - PAN-575163 - 5 Cha...
  + D25/526909 Water Development Notice - DA25 2236 - N1 
  *D25/467287 Approved Strata Subdivision Plan- Lot 21 DP 1... 
  *D25/467291 Approved Statement of Environmental Effects -... 
  *D25/467302 Notice of Determination - Subdivision DA2025 ... 
DA25/2236/5 Inspections - J Wooden - PAN-575163 - 5 Charl...
DA25/2236/4 Assessment - J Wooden - PAN-575163 - 5 Charle...
DA25/2236/1 Application - J Wooden - PAN-575163 - 5 Charl...
  *D25/446448 Plans - Proposed Subdivision - Location - 5 C... 
  *D25/446456 Report - Statement of Environmental Effects -... 
  *D25/446452 Plans - Notification - V2 - Uploaded 07/10/25... 
DA25/2236/3 Referrals - J Wooden - PAN-575163 - 5 Charles...
DA25/2236/7 Post Determination - J Wooden - PAN-575163 - ...
DA25/2236/8 Connected Documents - J Wooden - PAN-575163 -...",Not required
DA25/2240,https://www3.shoalhaven.nsw.gov.au/masterviewUI/modules/ApplicationMaster/default.aspx?page=wrapper&key=735136&propkey=23602," Alterations and Additions to dwelling house, construction of a garage and covered alfresco area", 08/10/2025,Approved on 25/11/2025,Development Application,"11 Waterhaven Av, BERRARA",Dianne Margaret Rice,"['Actioned|Description|Date Sent|Date Due|Date Rec.|Status', '02/10/2025|Development Application Received|2025-10-02||2025-10-02|Past']",$2379.56,"DA25/2240/1 Application - D M Rice - PAN-577979 - 11 Wate...
  *D25/444872 Report - Biodiversity Offsets Scheme - 11 Wat... 
  *D25/444860 Forms - Waste Management - 11 Waterhaven Aven... 
  *D25/444858 Certificate - BASIX - 11 Waterhaven Avenue B... 
  *D25/444874 Report - Statement of Environmental Effects -... 
  *D25/444870 Plans - Site - 11 Waterhaven Avenue BERRARA N... 
  *D25/444865 Plans - Notification - 11 Waterhaven Avenue B... 
  *D25/444871 Report - Geotechnical - 11 Waterhaven Avenue ... 
DA25/2240 D M Rice - PAN-577979 - 11 Waterhaven Avenue ...
DA25/2240/2 Notification / Submissions - D M Rice - PAN-5...
DA25/2240/5 Inspections - D M Rice - PAN-577979 - 11 Wate...
DA25/2240/6 Determination - D M Rice - PAN-577979 - 11 Wa...
  *D25/553649 Approved Plans (external) - DA2025 2240 - 11 ... 
  *D25/553624 Determination - DA2025 2240 - 11 Waterhaven A... 
DA25/2240/7 Post Determination - D M Rice - PAN-577979 - ...
DA25/2240/4 Assessment - D M Rice - PAN-577979 - 11 Water...
DA25/2240/8 Connected Documents - D M Rice - PAN-577979 -...
DA25/2240/3 Referrals - D M Rice - PAN-577979 - 11 Waterh...",Not required
DA25/2241,https://www3.shoalhaven.nsw.gov.au/masterviewUI/modules/ApplicationMaster/default.aspx?page=wrapper&key=735148&propkey=27773, Demolition of sheds and construction of a detached shed (171sqm), 08/10/2025,Approved on 10/12/2025,Development Application,"90 Lackersteen St, CALLALA BAY",Fernleigh Eaglesham Pty Ltd,"['Actioned|Description|Date Sent|Date Due|Date Rec.|Status', '02/10/2025|Development Application Received|2025-10-02||2025-10-02|Past']",$1024.28,"DA25/2241 Fernleigh Eaglesham Pty Ltd - PAN-578039 - 90...
DA25/2241/2 Notification / Submissions - Fernleigh Eagles...
  *D25/517560 Submission - Mr Adam Coleman - PUBLIC - Submi... 
  *D25/543483 Submission - Ross Goddard - Fernleigh Eaglesh... 
DA25/2241/6 Determination - Fernleigh Eaglesham Pty Ltd -...
  *D25/567239 approved Plans - 90 Lackersteen St Callala Ba... 
  *D25/567241 approved WMP - 90 Lackersteen St Callala Bay 
  *D25/577774 DA2025 2241 Notice of Determination Consent ... 
DA25/2241/7 Post Determination - Fernleigh Eaglesham Pty ...
DA25/2241/3 Referrals - Fernleigh Eaglesham Pty Ltd - PAN...
DA25/2241/5 Inspections - Fernleigh Eaglesham Pty Ltd - P...
DA25/2241/1 Application - Fernleigh Eaglesham Pty Ltd - P...
  *D25/446755 Report - Shed Use - 90 Lackersteen Street CAL... 
  *D25/446740 Forms - Waste Management - 90 Lackersteen St... 
  *D25/446753 Report - Biodiversity Offset Scheme - 90 Lack... 
  *D25/451473 Plans - notification plans uploaded 09/10/20... 
  *D25/446754 Report - Statement of Environmental Effects -... 
DA25/2241/4 Assessment - Fernleigh Eaglesham Pty Ltd - PA...
DA25/2241/8 Connected Documents - Fernleigh Eaglesham Pty...",Not required
DA25/2247,https://www3.shoalhaven.nsw.gov.au/masterviewUI/modules/ApplicationMaster/default.aspx?page=wrapper&key=735219&propkey=1850, Alterations & additions to existing dwelling, 08/10/2025,AwaitInfo,Development Application,"84 River Rd, SHOALHAVEN HEADS",Chantelle Tolomeo,"['Actioned|Description|Date Sent|Date Due|Date Rec.|Status', '03/10/2025|Development Application Received|2025-10-03||2025-10-03|Past']",$1311.84,"DA25/2247 C Tolomeo - PAN-574115 - 84 River Road SHOALH...
DA25/2247/4 Assessment - C Tolomeo - PAN-574115 - 84 Rive...
DA25/2247/3 Referrals - C Tolomeo - PAN-574115 - 84 River...
DA25/2247/1 Application - C Tolomeo - PAN-574115 - 84 Riv...
  *D25/446975 Plans - Survey - 84 River Road SHOALHAVEN HEA... 
  *D25/446965 Certificate - BASIX - 84 River Road SHOALHAVE... 
  *D25/446980 Plans - Schedule of Colours, Materials and Fi... 
  *D25/446985 Report - Statement of Environmental Effects -... 
  *D25/446986 Report - Biodiversity Offset Scheme - 84 Rive... 
  *D25/446974 Plans - Notification - 84 River Road SHOALHA... 
  *D25/591264 AMENDED PLANS - Site - 84 River Rd Shoalhaven... 
  *D25/591280 AMENDED PLANS - North & East Elevations - 84 ... 
  *D25/591284 AMENDED PLANS - South & West Elevations - 84 ... 
DA25/2247/5 Inspections - C Tolomeo - PAN-574115 - 84 Riv...
DA25/2247/2 Notification / Submissions - C Tolomeo - PAN-...
  *D25/512910 Submission - Mrs Robyn Flack - PUBLIC - Submi... 
  *D25/512915 Submission - Mr Paul Flack - PUBLIC - Submiss... 
  *D25/512973 Submission - Attachment - Flack, Robyn - 84 R... 
  *D25/512976 Submission - Attachment - Mr Paul Flack - 84 ... 
  *D25/543489 Submission - Julie Bourke - C Tolomeo - PAN-5... 
DA25/2247/6 Determination - C Tolomeo - PAN-574115 - 84 R...
DA25/2247/7 Post Determination - C Tolomeo - PAN-574115 -...
DA25/2247/8 Connected Documents - C Tolomeo - PAN-574115 ...",Not required
DA25/2251,https://www3.shoalhaven.nsw.gov.au/masterviewUI/modules/ApplicationMaster/default.aspx?page=wrapper&key=735282&propkey=13205, Alteration and addition to a dwelling house including a boat garage, 08/10/2025,Approved on 11/11/2025,Development Application,"443 Elizabeth Dr, VINCENTIA",Peng Ly,"['Actioned|Description|Date Sent|Date Due|Date Rec.|Status', '04/10/2025|Development Application Received|2025-10-04||2025-10-04|Past']",$3477.52,"DA25/2251/2 Notification / Submissions - P Ly - PAN-57850...
DA25/2251/1 Application - P Ly - PAN-578504 - 443 Elizabe...
  *D25/447781 Forms - Waste Management - 443 Elizabeth Driv... 
  *D25/447798 Report - Bushfire Protection Assessment - 44... 
  *D25/447795 Report - Geotechnical - 443 Elizabeth Drive V... 
  *D25/447793 Report - Structural Engineers - 443 Elizabeth... 
  *D25/447779 Certificate - BASIX - 443 Elizabeth Drive VIN... 
  *D25/447801 Report - Biodiversity Offsets Scheme - 443 E... 
  *D25/447787 Plans - Notification - 443 Elizabeth Drive VI... 
  *D25/447786 Plans - Shadow Diagram - 443 Elizabeth Drive ... 
  *D25/447789 Plans - Site - 443 Elizabeth Drive VINCENTIA ... 
  *D25/447797 Report - Statement of Environmental Effects -... 
DA25/2251 P Ly - PAN-578504 - 443 Elizabeth Drive VINCE...
DA25/2251/5 Inspections - P Ly - PAN-578504 - 443 Elizabe...
DA25/2251/3 Referrals - P Ly - PAN-578504 - 443 Elizabeth...
  *D25/489952 Referral response - Endeavour Energy - Standa... 
  *D25/455866 Internal Referral - Building Surveyor - DA202... 
  *D25/523672 RFS Referral Response - 443 Elizabeth Drive V... 
DA25/2251/4 Assessment - P Ly - PAN-578504 - 443 Elizabet...
DA25/2251/7 Post Determination - P Ly - PAN-578504 - 443 ...
DA25/2251/8 Connected Documents - P Ly - PAN-578504 - 443...
DA25/2251/6 Determination - P Ly - PAN-578504 - 443 Eliza...
  *D25/531178 Notice of Determination - 443 Elizabeth Drive... 
  *D25/531669 Approved Plans (public view) - 443 Elizabeth ... ",Not required
DA25/2256,https://www3.shoalhaven.nsw.gov.au/masterviewUI/modules/ApplicationMaster/default.aspx?page=wrapper&key=735335&propkey=22225, Single dwelling house, 08/10/2025,Approved on 20/11/2025,Development Application,"12 Greenwell St, CURRARONG",McDonald Jones Homes Pty Ltd,"['Actioned|Description|Date Sent|Date Due|Date Rec.|Status', '07/10/2025|Development Application Received|2025-10-07||2025-10-07|Past']",$2780.36,"DA25/2256 McDonald Jones Homes Pty Ltd - PAN-578735 - 1...
DA25/2256/3 Referrals - McDonald Jones Homes Pty Ltd - PA...
DA25/2256/6 Determination - McDonald Jones Homes Pty Ltd ...
  *D25/548339 Approved - Bushfire Assessment Report - DA202... 
  *D25/548346 Approved - BASIX Certificate - DA2025/2256 - ... 
  *D25/548359 Approved - Plans (Public view) - DA2025/2256 ... 
  *D25/548389 Notice of Determination - Approval- DA2025/22... 
DA25/2256/8 Connected Documents - McDonald Jones Homes Pt...
DA25/2256/2 Notification / Submissions - McDonald Jones H...
DA25/2256/7 Post Determination - McDonald Jones Homes Pty...
DA25/2256/1 Application - McDonald Jones Homes Pty Ltd - ...
  *D25/446634 Report - Energy Efficiency Assessment - 12 Gr... 
  *D25/446598 Certificate - BASIX - 12 Greenwell Street CU... 
  *D25/446637 Report - Waste Minimisation and Management -... 
  *D25/446632 Report - Biodiversity Offset Scheme (BOSET) -... 
  *D25/446629 Report - Statement of Environmental Effects -... 
  *D25/446614 Plans - Schedule of Colours, Materials and Fi... 
  *D25/446636 Report - Bushfire Report - 12 Greenwell Stree... 
  *D25/446624 Plans - Notification - 12 Greenwell Street C... 
DA25/2256/4 Assessment - McDonald Jones Homes Pty Ltd - P...
DA25/2256/5 Inspections - McDonald Jones Homes Pty Ltd - ...",Not required
DA25/2261,https://www3.shoalhaven.nsw.gov.au/masterviewUI/modules/ApplicationMaster/default.aspx?page=wrapper&key=735372&propkey=18622, Dwelling house and retaining wall, 08/10/2025,UnderAss,Development Application,"136 Matron Porter Dr, NARRAWALLEE",McDonald Jones Homes Pty Ltd,"['Actioned|Description|Date Sent|Date Due|Date Rec.|Status', '07/10/2025|Development Application Received|2025-10-07||2025-10-07|Past']",$3554,"DA25/2261 McDonald Jones Homes Pty Ltd - PAN-578877 - 1...
DA25/2261/1 Application - McDonald Jones Homes Pty Ltd - ...
  *D25/447516 Plans - Landscape - 136 Matron Porter Drive ... 
  *D25/447519 Report - Energy Efficiency Assessment - 136 M... 
  *D25/447500 Certificate - BASIX - 136 Matron Porter Drive... 
  *D25/447502 Forms - Waste Minimisation and Management - ... 
  *D25/447521 Report - Biodiversity Offset Scheme - 136 Mat... 
  *D25/447510 Plans - Schedule of Colours, Materials and Fi... 
  *D25/447513 Plans - Site - 136 Matron Porter Drive NARRAW... 
  *D25/447517 Report - Statement of Environmental Effects -... 
  *D25/447512 Plans - Notification - V2 - Uploaded 08/10/25... 
DA25/2261/8 Connected Documents - McDonald Jones Homes Pt...
DA25/2261/2 Notification / Submissions - McDonald Jones H...
DA25/2261/7 Post Determination - McDonald Jones Homes Pty...
DA25/2261/4 Assessment - McDonald Jones Homes Pty Ltd - P...
DA25/2261/3 Referrals - McDonald Jones Homes Pty Ltd - PA...
DA25/2261/6 Determination - McDonald Jones Homes Pty Ltd ...
DA25/2261/5 Inspections - McDonald Jones Homes Pty Ltd - ...",Not required
MA25/1331,https://www3.shoalhaven.nsw.gov.au/masterviewUI/modules/ApplicationMaster/default.aspx?page=wrapper&key=735256&propkey=46035, S4.55(1A) to DA22/2089 - internal and external design changes, 08/10/2025,Approved on 17/10/2025,Modification Application,"161 Browns Mountain Rd, TAPITALLEE",Garsh Developments Pty Ltd,"['Actioned|Description|Date Sent|Date Due|Date Rec.|Status', '03/10/2025|Modification Application Received|2025-10-03||2025-10-03|Past']",$796.38,"MA25/1331 Garsh Developments Pty Ltd - PAN-578386 - 161...
MA25/1331/4 Assessment - Garsh Developments Pty Ltd - PAN...
MA25/1331/3 Referrals - Garsh Developments Pty Ltd - PAN-...
MA25/1331/7 Post Determination - Garsh Developments Pty L...
MA25/1331/6 Determination - Garsh Developments Pty Ltd - ...
  *D25/455966 approved site plan - 161 Browns Mountain Rd T... 
  *D25/455968 approved plans - 161 Browns Mountain Rd Tapit... 
  *D25/460084 Consolidated Consent - 161 Browns ~ Garsh De... 
MA25/1331/8 Connected Documents - Garsh Developments Pty ...
MA25/1331/1 Application - Garsh Developments Pty Ltd - PA...
  *D25/447574 Certificate - BASIX - 161 Browns Mountain Roa... 
  *D25/447586 Plans - Notification - 161 Browns Mountain R... 
  *D25/447585 Plans - Site - 161 Browns Mountain Road TAPI... 
MA25/1331/5 Inspections - Garsh Developments Pty Ltd - PA...
MA25/1331/2 Notification / Submissions - Garsh Developmen...",Not required
DA25/2228,https://www3.shoalhaven.nsw.gov.au/masterviewUI/modules/ApplicationMaster/default.aspx?page=wrapper&key=734996&propkey=2709, Alterations and additions to a dwelling house - construction of a deck and stairs, 09/10/2025,Approved on 18/11/2025,Development Application,"29 Brighton Pde, CULBURRA BEACH",Illawarra Design Company Pty Ltd,"['Actioned|Description|Date Sent|Date Due|Date Rec.|Status', '01/10/2025|Development Application Received|2025-10-01||2025-10-01|Past']",$365,"DA25/2228/2 Notification / Submissions - Illawarra Design...
DA25/2228/5 Inspections - Illawarra Design Company Pty Lt...
DA25/2228 Illawarra Design Company Pty Ltd - PAN-577406...
DA25/2228/1 Application - Illawarra Design Company Pty Lt...
  *D25/448354 Report - Bushfire Assessment - 29 Brighton Pa... 
  *D25/448342 Forms - Waste Management - V3 - Uploaded 08/1... 
  *D25/448347 Plans - Notification - 29 Brighton Parade CUL... 
  *D25/448357 Report - Statement of Environmental Effects -... 
  *D25/448353 Plans - Site - V2 - Uploaded 07/10/25 - 29 Br... 
  *D25/448358 Report - Biodiversity Offset Scheme - 29 Brig... 
DA25/2228/6 Determination - Illawarra Design Company Pty ...
  *D25/510995 Approved Documents - Waste Management Plan - ... 
  *D25/511000 Approved Plans - General View - 29 BRIGHTON P... 
  *D25/511005 Notice of Determination - 29 BRIGHTON PARADE ... 
DA25/2228/4 Assessment - Illawarra Design Company Pty Ltd...
DA25/2228/8 Connected Documents - Illawarra Design Compan...
DA25/2228/7 Post Determination - Illawarra Design Company...
DA25/2228/3 Referrals - Illawarra Design Company Pty Ltd ...",Not required
DA25/2249,https://www3.shoalhaven.nsw.gov.au/masterviewUI/modules/ApplicationMaster/default.aspx?page=wrapper&key=735265&propkey=1002489, Commercial additions - Installation of fire water storage tanks and fire water pumps and associated works, 09/10/2025,Approved on 21/11/2025,Development Application,"1 Narang Rd, BOMADERRY",Milestone (Aust) Pty Ltd,"['Actioned|Description|Date Sent|Date Due|Date Rec.|Status', '03/10/2025|Development Application Received|2025-10-03||2025-10-03|Past']",$2356.16,"DA25/2249/2 Notification / Submissions - Milestone (Aust...
DA25/2249/1 (06/10/2025) Application - Milestone (Aust) Pty Ltd - PAN-...
  *D25/448462 Plans - Waste Management - 1 Narang Road BOM... 
  *D25/448472 Report - Statement of Environmental Effects -... 
  *D25/448467 Report - Acoustic & Vibration Assessment - 1 ... 
  *D25/448470 Report - Bushfire Assessment - 1 Narang Road ... 
  *D25/448463 Plans - Soil and Erosion Control - 1 Narang ... 
  *D25/448465 Plans - Site, Architectural and Fire Engineer... 
DA25/2249 Milestone (Aust) Pty Ltd - PAN-578426 - 1 Nar...
DA25/2249/6 Determination - Milestone (Aust) Pty Ltd - PA...
  + D25/552999 Water Development Notice - DA25 2249 - N1 
  *D25/549090 Determination - Approval - 1 Narang Rd Bomade... 
  *D25/549256 Approved Plans - 1 Narang Rd Bomaderry - Lot ... 
DA25/2249/5 Inspections - Milestone (Aust) Pty Ltd - PAN-...
DA25/2249/4 Assessment - Milestone (Aust) Pty Ltd - PAN-5...
DA25/2249/7 Post Determination - Milestone (Aust) Pty Ltd...
DA25/2249/3 Referrals - Milestone (Aust) Pty Ltd - PAN-57...
  *D25/509549 Internal Referral - Environmental Health Offi... 
  *D25/509550 Internal Referral - Water Asset Planning & De... 
DA25/2249/8 Connected Documents - Milestone (Aust) Pty Lt...",Not required
DA25/2259,https://www3.shoalhaven.nsw.gov.au/masterviewUI/modules/ApplicationMaster/default.aspx?page=wrapper&key=735358&propkey=2483," Dwelling house, associated site works, landscaping and amenities", 10/10/2025,AwaitInfo,Development Application,"9 Foremans Rd, WOODHILL
Foremans Rd, WOODHILL",Clare Gilligan,"['Actioned|Description|Date Sent|Date Due|Date Rec.|Status', '07/10/2025|Development Application Received|2025-10-07||2025-10-07|Past']",$10734.64,"DA25/2259/3 Referrals - C Gilligan - PAN-573263 - 9 Forem...
DA25/2259/6 Determination - C Gilligan - PAN-573263 - 9 F...
DA25/2259/7 Post Determination - C Gilligan - PAN-573263 ...
DA25/2259/2 Notification / Submissions - C Gilligan - PAN...
  *D25/520865 Submission - Nicholas Jose - PUBLIC - Submiss... 
DA25/2259/1 Application - C Gilligan - PAN-573263 - 9 For...
  *D25/452943 Plans - Site - 9 Foremans Road WOODHILL NSW 2... 
  *D25/452956 Report - Bushfire Assessment - 9 Foremans Ro... 
  *D25/452955 Report - Wastewater Site and Soil Assessment ... 
  *D25/452937 Forms - Waste Management - 9 Foremans Road WO... 
  *D25/452928 Certificate - NatHERS - 9 Foremans Road WOODH... 
  *D25/452930 Certificate - BASIX - 9 Foremans Road WOODHI... 
  *D25/452958 Report - Biodiversity Offset Scheme - 9 Forem... 
  *D25/452948 Plans - Notification - V2 - Uploaded 10/10/25... 
  *D25/452946 Plans - Water Management - 9 Foremans Road W... 
  *D25/452952 Report - Statement of Environmental Effects -... 
DA25/2259/4 Assessment - C Gilligan - PAN-573263 - 9 Fore...
DA25/2259/5 Inspections - C Gilligan - PAN-573263 - 9 For...
DA25/2259 RFI reply & referrals pending C Gilligan - PA...
DA25/2259/8 Connected Documents - C Gilligan - PAN-573263...",Not required
DA25/2268,https://www3.shoalhaven.nsw.gov.au/masterviewUI/modules/ApplicationMaster/default.aspx?page=wrapper&key=735521&propkey=85259," Alterations and additions to dwelling, garage and outdoor area", 10/10/2025,AwaitInfo,Development Application,"489 Illaroo Rd, BANGALEE",Chris Williamson,"['Actioned|Description|Date Sent|Date Due|Date Rec.|Status', '08/10/2025|Development Application Received|2025-10-08||2025-10-08|Past']",$1709.18,"DA25/2268 C Williamson - PAN-579376 - 489 Illaroo Road ...
DA25/2268/2 Notification / Submissions - C Williamson - P...
DA25/2268/1 Application - C Williamson - PAN-579376 - 489...
  *D25/452454 Forms - Waste Management - 489 Illaroo Road B... 
  *D25/452451 Certificate - BASIX - 489 Illaroo Road BANGA... 
  *D25/452466 Plans - Site - V2 - Uploaded 08/10/25 - 489 I... 
  *D25/452471 Report - Biodiversity Offsets Scheme - 489 Il... 
  *D25/452468 Report - Statement of Environmental Effects -... 
  *D25/452464 Plans - Notification - V2 - Uploaded 10/10/25... 
DA25/2268/8 Connected Documents - C Williamson - PAN-5793...
DA25/2268/4 Assessment - C Williamson - PAN-579376 - 489 ...
DA25/2268/7 Post Determination - C Williamson - PAN-57937...
DA25/2268/3 Referrals - C Williamson - PAN-579376 - 489 I...
DA25/2268/6 Determination - C Williamson - PAN-579376 - 4...
DA25/2268/5 Inspections - C Williamson - PAN-579376 - 489...",Not required
DA25/2273,https://www3.shoalhaven.nsw.gov.au/masterviewUI/modules/ApplicationMaster/default.aspx?page=wrapper&key=735569&propkey=83062, Alterations and additions to a dwelling house and detached shed, 10/10/2025,Approved on 15/12/2025,Development Application,"140E Narrawallee Creek Rd, LAKE CONJOLA",Amanda Cherree McGoverne,"['Actioned|Description|Date Sent|Date Due|Date Rec.|Status', '09/10/2025|Development Application Received|2025-10-09||2025-10-09|Past']",$3116.72,"DA25/2273/2 Notification / Submissions - A C McGoverne - ...
DA25/2273/1 Application - A C McGoverne - PAN-579557 - 14...
  *D25/450744 Report - Shed Design Analysis - 140E Narrawal... 
  *D25/450739 Plans - Shed Engineering - 140E Narrawallee C... 
  *D25/450752 Report - Geotechnical - 140E Narrawallee Cree... 
  *D25/450737 Plans - Wastewater Management - 140E Narrawal... 
  *D25/450748 Report - Structural Engineers - V2 - 140E Nar... 
  *D25/450749 Report - Bushfire Hazard Assessment - 140E Na... 
  *D25/450727 Certificate - BASIX - 140E Narrawallee Creek ... 
  *D25/450751 Report - Variation Request - V2 - 140E Narraw... 
  *D25/450734 Plans - Statement of Environmental Effects - ... 
  *D25/450729 Forms - Waste Management - 140E Narrawallee ... 
  *D25/450750 Report - Biodiversity Offsets Scheme - 140E N... 
  *D25/450740 Plans - Site - 140E Narrawallee Creek Road L... 
  *D25/450738 Plans - Notification - 140E Narrawallee Creek... 
DA25/2273 A C McGoverne - PAN-579557 - 140E Narrawallee...
DA25/2273/3 Referrals - A C McGoverne - PAN-579557 - 140E...
DA25/2273/7 Post Determination - A C McGoverne - PAN-5795...
DA25/2273/6 Determination - A C McGoverne - PAN-579557 - ...
  *D25/585595 Approved External Plans - DA2025/2273 - Alter... 
  *D25/585600 Approved Statement of Environmental Effects -... 
  *D25/585608 Approved BASIX Certificate - DA2025/2273 - Al... 
  *D25/585681 Notice of Determination - Alterations and Add... 
DA25/2273/5 Inspections - A C McGoverne - PAN-579557 - 14...
DA25/2273/4 Assessment - A C McGoverne - PAN-579557 - 140...
DA25/2273/8 Connected Documents - A C McGoverne - PAN-579...",Not required
MA25/1332,https://www3.shoalhaven.nsw.gov.au/masterviewUI/modules/ApplicationMaster/default.aspx?page=wrapper&key=735352&propkey=23415, S4.55(1A) to DA2025/1109 - Internal and external changes, 10/10/2025,Approved on 13/11/2025,Modification Application,"17 Pope Av, BERRARA",Byron Clima,"['Actioned|Description|Date Sent|Date Due|Date Rec.|Status', '07/10/2025|Modification Application Received|2025-10-07||2025-10-07|Past']",$1334,"MA25/1332 B Clima - PAN-578807 - 17 Pope Avenue BERRARA...
MA25/1332/5 Inspections - B Clima - PAN-578807 - 17 Pope ...
MA25/1332/6 Determination - B Clima - PAN-578807 - 17 Pop...
  *D25/537377 Approved Plans (external) MA2025 1332 - 17 Po... 
  *D25/537363 Consolidated Consent - MA2025 1332 - 17 Pope ... 
MA25/1332/3 Referrals - B Clima - PAN-578807 - 17 Pope Av...
MA25/1332/8 Connected Documents - B Clima - PAN-578807 - ...
MA25/1332/2 Notification / Submissions - B Clima - PAN-57...
MA25/1332/4 Assessment - B Clima - PAN-578807 - 17 Pope A...
MA25/1332/1 Application - B Clima - PAN-578807 - 17 Pope ...
  *D25/450888 Forms - Waste Management - 17 Pope Avenue BE... 
  *D25/450903 Report - Statement of Environmental Effects -... 
  *D25/450882 Certificate - NatHERS - V4 - 17 Pope Avenue B... 
  *D25/450884 Certificate - BASIX - 17 Pope Avenue BERRARA... 
  *D25/450898 Plans - Notification - 17 Pope Avenue BERRARA... 
  *D25/450897 Letter - Cover Letter - V2 - 17 Pope Avenue B... 
MA25/1332/7 Post Determination - B Clima - PAN-578807 - 1...",Not required
MA25/1342,https://www3.shoalhaven.nsw.gov.au/masterviewUI/modules/ApplicationMaster/default.aspx?page=wrapper&key=735699&propkey=11718, S4.55(1a) to DA2024/1346 - Modify Condition 1 - Landscape Plan, 10/10/2025,Approved on 04/12/2025,Modification Application,"27 Ocean View Rd, SUSSEX INLET",Craig Anthony Coulston,"['Actioned|Description|Date Sent|Date Due|Date Rec.|Status', '10/10/2025|Modification Application Received|2025-10-10||2025-10-10|Past']",$914,"MA25/1342/5 Inspections - C A Coulston - PAN-580123 - 27 ...
MA25/1342/2 Notification / Submissions - C A Coulston - P...
MA25/1342/4 Assessment - C A Coulston - PAN-580123 - 27 O...
MA25/1342/3 Referrals - C A Coulston - PAN-580123 - 27 Oc...
MA25/1342/1 Application - C A Coulston - PAN-580123 - 27 ...
  *D25/450446 Certificate - BASIX - 27 Ocean View Road SUSS... 
  *D25/450460 Plans - Proposed Landscaping Modification - 2... 
  *D25/450461 Plans - Approved Concept Landscaping - 27 Oce... 
  *D25/450459 Plans - Site - 27 Ocean View Road SUSSEX INL... 
  *D25/450457 Forms - DA Modification Application Cover Let... 
MA25/1342 C A Coulston - PAN-580123 - 27 Ocean View Roa...
MA25/1342/6 Determination - C A Coulston - PAN-580123 - 2...
  *D25/568472 Stamped Plans - Full Set - MA2025/1342 - 27 O... 
  *D25/568550 Consolidated Consent - MA2025/1342 -27 Ocean ... 
MA25/1342/8 Connected Documents - C A Coulston - PAN-5801...
MA25/1342/7 Post Determination - C A Coulston - PAN-58012...",Not required
DA25/2272,https://www3.shoalhaven.nsw.gov.au/masterviewUI/modules/ApplicationMaster/default.aspx?page=wrapper&key=735561&propkey=74795," Alterations and additions to a dwelling house including a second storey addition, deck and concrete hardstand area", 12/10/2025,Approved on 28/11/2025,Development Application,"13 Aries Pl, NARRAWALLEE",Skye Frances Prior,"['Actioned|Description|Date Sent|Date Due|Date Rec.|Status', '09/10/2025|Development Application Received|2025-10-09||2025-10-09|Past']",$2412.32,"DA25/2272/1 Application - S F Prior - PAN-579534 - 13 Ari...
  *D25/452757 Report - Geotechnical - 13 Aries Place NARRAW... 
  *D25/452753 Report - Bushfire Assessment - 13 Aries Place... 
  *D25/452742 Forms - Waste Management - 13 Aries Place NAR... 
  *D25/452754 Report - Biodiversity Offsets Scheme - 13 Ari... 
  *D25/452740 Certificate - BASIX - 13 Aries Place NARRAWA... 
  *D25/452750 Plans - Site - 13 Aries Place NARRAWALLEE NSW... 
  *D25/452751 Plans - Notification - 13 Aries Place NARRAWA... 
  *D25/452755 Report - Statement of Environmental Effects -... 
  *D25/452748 Plans - Colours and Finishes - 13 Aries Place... 
DA25/2272 S F Prior - PAN-579534 - 13 Aries Place NARRA...
DA25/2272/5 Inspections - S F Prior - PAN-579534 - 13 Ari...
DA25/2272/6 Determination - S F Prior - PAN-579534 - 13 A...
  *D25/559322 Approved Plans (external) - DA2025 2272 - Arc... 
  *D25/559284 Determination - DA2025 2272 - 13 Aries Place ... 
DA25/2272/4 Assessment - S F Prior - PAN-579534 - 13 Arie...
DA25/2272/7 Post Determination - S F Prior - PAN-579534 -...
DA25/2272/3 Referrals - S F Prior - PAN-579534 - 13 Aries...
DA25/2272/2 Notification / Submissions - S F Prior - PAN-...
DA25/2272/8 Connected Documents - S F Prior - PAN-579534 ...",Not required
DA25/2244,https://www3.shoalhaven.nsw.gov.au/masterviewUI/modules/ApplicationMaster/default.aspx?page=wrapper&key=735173&propkey=119130, Garage and extension to existing driveway, 13/10/2025,Approved on 28/10/2025,Development Application,"13 Jervis St, TOMERONG",Independent DA Planning Hospitality Construction Solutions Group Pty Ltd,"['Actioned|Description|Date Sent|Date Due|Date Rec.|Status', '03/10/2025|Development Application Received|2025-10-03||2025-10-03|Past']",$356,"DA25/2244 Independent DA Planning Hospitality Construct...
DA25/2244/2 Notification / Submissions - Independent DA P...
DA25/2244/1 Application - Independent DA Planning Hospita...
  *D25/452692 Forms - Waste Management - 13 Jervis Street T... 
  *D25/452696 Plans - Material and waste storage - 13 Jervi... 
  *D25/452706 Report - Vegitation Retention - 13 Jervis Str... 
  *D25/452697 Plans - Notification - 13 Jervis Street TOME... 
  *D25/452699 Plans - Biodiversity Offset Scheme - 13 Jervi... 
  *D25/452701 Report - Bushfire Assessment - 13 Jervis Stre... 
  *D25/452698 Plans - Site - V2 - Uploaded 09/10/25 - 13 Je... 
  *D25/452703 Report - Statement Of Enviromental Effects - ... 
DA25/2244/7 Post Determination - Independent DA Planning ...
DA25/2244/6 Determination - Independent DA Planning Hospi...
  *D25/510141 Notice of Determination Approval - Alteration... 
  *D25/510630 Approved Plans - DA2025/2244 - 13 Jervis St T... 
DA25/2244/4 Assessment - Independent DA Planning Hospital...
DA25/2244/5 Inspections - Independent DA Planning Hospita...
DA25/2244/8 Connected Documents - Independent DA Planning...
DA25/2244/3 Referrals - Independent DA Planning Hospitali...",Not required
DA25/2270,https://www3.shoalhaven.nsw.gov.au/masterviewUI/modules/ApplicationMaster/default.aspx?page=wrapper&key=735529&propkey=1004211, Construction of a two storey dual occupancy (attached), 13/10/2025,AwaitInfo,Development Application,"71 Quinns Lane, SOUTH NOWRA",Clarendon Homes (NSW) Pty Ltd,"['Actioned|Description|Date Sent|Date Due|Date Rec.|Status', '09/10/2025|Development Application Received|2025-10-09||2025-10-09|Past']",$4266.36,"DA25/2270/1 Application - Clarendon Homes (NSW) Pty Ltd -...
  *D25/452626 Report - Bushfire Assessment - 71 Quinns Lane... 
  *D25/452595 Certificate - BASIX - 71 Quinns Lane SOUTH N... 
  *D25/452583 Certificate - NatHERS Certificate - (Unit B) ... 
  *D25/452587 Certificate - NatHERS (Unit A) - 71 Quinns La... 
  *D25/452594 Certificate - NatHERS Certificate - (Summary... 
  *D25/452631 Report - Schedule of Colours, Materials and F... 
  *D25/452629 Report - Site Classification - 71 Quinns Lan... 
  *D25/452623 Plans - Landscape - 71 Quinns Lane SOUTH NOW... 
  *D25/452597 Forms - Waste Management - 71 Quinns Lane SO... 
  *D25/452628 Report - Biodiversity Offset Scheme - 71 Quin... 
  *D25/452617 Plans - Site - 71 Quinns Lane SOUTH NOWRA NS... 
  *D25/452619 Plans - Erosion Control - 71 Quinns Lane SOUT... 
  *D25/452614 Plans - Site Analysis - 71 Quinns Lane SOUTH ... 
  *D25/452618 Plans - Shadow Diagram - 71 Quinns Lane SOUTH... 
  *D25/452609 Plans - Statement of Environmental Effects - ... 
  *D25/452611 Plans - Notification - V2 - Uploaded 10/10/25... 
DA25/2270/5 Inspections - Clarendon Homes (NSW) Pty Ltd -...
DA25/2270 Clarendon Homes (NSW) Pty Ltd - PAN-578212 - ...
DA25/2270/6 Determination - Clarendon Homes (NSW) Pty Ltd...
DA25/2270/4 Assessment - Clarendon Homes (NSW) Pty Ltd - ...
DA25/2270/3 Referrals - Clarendon Homes (NSW) Pty Ltd - P...
  *D25/591908 Internal Referral - GIS Unit House Numbering ... 
DA25/2270/2 Notification / Submissions - Clarendon Homes ...
DA25/2270/7 Post Determination - Clarendon Homes (NSW) Pt...
DA25/2270/8 Connected Documents - Clarendon Homes (NSW) P...",This application is on exhibition - Lodge a submission - (Submissions Close: 21/01/2026 11:59:00 PM)
DA25/2274,https://www3.shoalhaven.nsw.gov.au/masterviewUI/modules/ApplicationMaster/default.aspx?page=wrapper&key=735599&propkey=79336, Use of manufactured home as a dwelling house and construction of ancillary works, 13/10/2025,AwaitInfo,Development Application,"6 Wippinguy Pl, BAWLEY POINT",Fabprefab Pty Ltd,"['Actioned|Description|Date Sent|Date Due|Date Rec.|Status', '09/10/2025|Development Application Received|2025-10-09||2025-10-09|Past']",$4597.56,"DA25/2274/1 Application - Fabprefab Pty Ltd - PAN-579403 ...
  *D25/452322 Forms - Waste Management - 6 Wippinguy Place... 
  *D25/452342 Report - Biodiversity Offsets Scheme - 6 Wipp... 
  *D25/452346 Report - Bushfire Assessment REDACTED - 6 Wi... 
  *D25/452334 Plans - Erosion & Sediment Control - 6 Wippin... 
  *D25/452335 Plans - Earthworks - 6 Wippinguy Place BAWLE... 
  *D25/452330 Plans - Notification - 6 Wippinguy Place BAW... 
  *D25/452329 Plans - Site - 6 Wippinguy Place BAWLEY POIN... 
  *D25/452340 Report - Flora and Fauna Assessment - 6 Wippi... 
  *D25/452336 Report - Statement of Environmental Effects -... 
DA25/2274 Fabprefab Pty Ltd - PAN-579403 - 6 Wippinguy ...
DA25/2274/4 Assessment - Fabprefab Pty Ltd - PAN-579403 -...
DA25/2274/3 Referrals - Fabprefab Pty Ltd - PAN-579403 - ...
DA25/2274/2 Notification / Submissions - Fabprefab Pty Lt...
DA25/2274/8 Connected Documents - Fabprefab Pty Ltd - PAN...
DA25/2274/5 Inspections - Fabprefab Pty Ltd - PAN-579403 ...
DA25/2274/7 Post Determination - Fabprefab Pty Ltd - PAN-...
DA25/2274/6 Determination - Fabprefab Pty Ltd - PAN-57940...",Not required
DA25/2277,https://www3.shoalhaven.nsw.gov.au/masterviewUI/modules/ApplicationMaster/default.aspx?page=wrapper&key=735661&propkey=22397, Demolition of existing dwelling. Construction of two storey dwelling house with garage and associated driveway. Existing studio to be retained., 13/10/2025,Approved on 06/11/2025,Development Application,"10 Walton Way, CURRARONG",Carly Gibson,"['Actioned|Description|Date Sent|Date Due|Date Rec.|Status', '10/10/2025|Development Application Received|2025-10-10||2025-10-10|Past']",$4102,"DA25/2277/4 Assessment - C Gibson - PAN-579943 - 10 Walto...
DA25/2277/1 Application - C Gibson - PAN-579943 - 10 Walt...
  *D25/454732 Forms - Waste Management Plan - 10 Walton Way... 
  *D25/454729 Certificate - NatHERS - 10 Walton Way CURRARO... 
  *D25/454727 Certificate - BASIX - 10 Walton Way CURRARON... 
  *D25/454744 Report - Biodiversity Values Map & Threshold ... 
  *D25/454743 Report - Statement of Environmental Effects -... 
  *D25/454740 Plans - Notification - V2 uploaded 13/10/25 -... 
DA25/2277 C Gibson - PAN-579943 - 10 Walton Way CURRARO...
DA25/2277/3 Referrals - C Gibson - PAN-579943 - 10 Walton...
DA25/2277/2 Notification / Submissions - C Gibson - PAN-5...
DA25/2277/7 Post Determination - C Gibson - PAN-579943 - ...
DA25/2277/5 Inspections - C Gibson - PAN-579943 - 10 Walt...
DA25/2277/8 Connected Documents - C Gibson - PAN-579943 -...
DA25/2277/6 Determination - C Gibson - PAN-579943 - 10 Wa...
  *D25/525131 Notice of Determination - APPROVAL - 10 Walto... 
  *D25/531524 Approved Plans - Notification Set - 10 Walton... ",Not required
DA25/2257,https://www3.shoalhaven.nsw.gov.au/masterviewUI/modules/ApplicationMaster/default.aspx?page=wrapper&key=735341&propkey=1000486," Construction of dwelling, shed and associated works", 14/10/2025,AwaitInfo,Development Application,"34 Swanwood Rise, WORRIGEE",Keeplan Pty Ltd,"['Actioned|Description|Date Sent|Date Due|Date Rec.|Status', '07/10/2025|Development Application Received|2025-10-07||2025-10-07|Past']",$2837.92,"DA25/2257/1 Application - Keeplan Pty Ltd - PAN-578719 - ...
  *D25/454904 Report - Bushfire Assessment - 34 Swanwood R... 
  *D25/454903 Report - Onsite Wastewater & Soil Management ... 
  *D25/454901 Report - Statement of Environmental Effects -... 
  *D25/454900 Report - Biodiversity Values Map & Threshold ... 
  *D25/454907 Report - Waste Management Plan - 34 Swanwood ... 
  *D25/454879 Certificate - NatHERS - 34 Swanwood Rise WORR... 
  *D25/454877 Certificate - BASIX - 34 Swanwood Rise WORRIG... 
  *D25/454896 Plans - Notification - V4 uploaded 9/10/25 5.... 
  *D25/503102 Revised Plans - _ Rev J Notification Plan - 2... 
DA25/2257/4 Assessment - Keeplan Pty Ltd - PAN-578719 - 3...
DA25/2257/5 Inspections - Keeplan Pty Ltd - PAN-578719 - ...
DA25/2257 Keeplan Pty Ltd - PAN-578719 - 34 Swanwood Ri...
DA25/2257/6 Determination - Keeplan Pty Ltd - PAN-578719 ...
DA25/2257/3 Referrals - Keeplan Pty Ltd - PAN-578719 - 34...
DA25/2257/2 Notification / Submissions - Keeplan Pty Ltd ...
DA25/2257/8 Connected Documents - Keeplan Pty Ltd - PAN-5...
DA25/2257/7 Post Determination - Keeplan Pty Ltd - PAN-57...",Not required
DA25/2263,https://www3.shoalhaven.nsw.gov.au/masterviewUI/modules/ApplicationMaster/default.aspx?page=wrapper&key=735381&propkey=90994, Construction of Self-Storage Units, 14/10/2025,AwaitInfo,Development Application,"2 Wandean Rd, WANDANDIAN",Civil Project Management Group Pty Ltd,"['Actioned|Description|Date Sent|Date Due|Date Rec.|Status', '07/10/2025|Development Application Received|2025-10-07||2025-10-07|Past']",$4419,"DA25/2263 Civil Project Management Group Pty Ltd - PAN-...
DA25/2263/1 Application - Civil Project Management Group ...
  *D25/454645 Forms - Waste Management - 2 Wandean Road WA... 
  *D25/454668 Report - Traffic & Parking Impact Assessment ... 
  *D25/454661 Plans - Notification - 2 Wandean Road WANDAND... 
  *D25/454669 Report - Biodiversity Offsets Scheme - 2 Wand... 
  *D25/454655 Letter - Site - 2 Wandean Road WANDANDIAN NS... 
  *D25/454671 Report - Statement of Environmental Effects -... 
DA25/2263/5 Inspections - Civil Project Management Group ...
DA25/2263/4 Assessment - Civil Project Management Group P...
DA25/2263/3 Referrals - Civil Project Management Group Pt...
DA25/2263/7 Post Determination - Civil Project Management...
DA25/2263/2 Notification / Submissions - Civil Project Ma...
DA25/2263/8 Connected Documents - Civil Project Managemen...
DA25/2263/6 Determination - Civil Project Management Grou...",Not required
MA25/1334,https://www3.shoalhaven.nsw.gov.au/masterviewUI/modules/ApplicationMaster/default.aspx?page=wrapper&key=735525&propkey=15666, S4.55(1A) to DA22/1365 - Addition of pergola cover roof over approved deck, 14/10/2025,Approved on 07/11/2025,Modification Application,"65 Deering St, ULLADULLA",Shayne Peter Leffley,"['Actioned|Description|Date Sent|Date Due|Date Rec.|Status', '08/10/2025|Modification Application Received|2025-10-08||2025-10-08|Past']",$669,"MA25/1334 S P Leffley - PAN-579189 - 65 Deering Street ...
MA25/1334/2 Notification / Submissions - S P Leffley - PA...
MA25/1334/5 Inspections - S P Leffley - PAN-579189 - 65 D...
MA25/1334/4 Assessment - S P Leffley - PAN-579189 - 65 De...
MA25/1334/6 Determination - S P Leffley - PAN-579189 - 65...
  *D25/526708 Consolidated Consent MA2025 1334 - 65 Deering... 
  *D25/526705 Approved Plans Modified by MA2025 1334 - 65 D... 
MA25/1334/7 Post Determination - S P Leffley - PAN-579189...
MA25/1334/1 Application - S P Leffley - PAN-579189 - 65 D...
  *D25/468243 REVISED - Plans - Site - 65 Deering Street UL... 
  *D25/468237 REVISED - Plans - Notification Plans - 65 Dee... 
  *D25/468241 Plans - Existing Elevations - 65 Deering Stre... 
MA25/1334/3 Referrals - S P Leffley - PAN-579189 - 65 Dee...
MA25/1334/8 Connected Documents - S P Leffley - PAN-57918...",Not required
MA25/1339,https://www3.shoalhaven.nsw.gov.au/masterviewUI/modules/ApplicationMaster/default.aspx?page=wrapper&key=735602&propkey=118326, S4.55(1) to DA20/1652 - Amend the lapse date of the consent, 14/10/2025,Approved on 17/10/2025,Modification Application,"Jonsson Rd, MUNDAMIA",Allen Price Pty Ltd,"['Actioned|Description|Date Sent|Date Due|Date Rec.|Status', '09/10/2025|Modification Application Received|2025-10-09||2025-10-09|Past']",$150,"MA25/1339/3 Referrals - Allen Price Pty Ltd - PAN-579655 ...
MA25/1339/7 Post Determination - Allen Price Pty Ltd - PA...
MA25/1339/2 Notification / Submissions - Allen Price Pty ...
MA25/1339/8 Connected Documents - Allen Price Pty Ltd - P...
MA25/1339/1 Application - Allen Price Pty Ltd - PAN-57965...
  *D25/454758 Plans - Site - Jonsson Road MUNDAMIA NSW 2540... 
  *D25/454759 Report - Statement of Environmental Effects -... 
MA25/1339/5 Inspections - Allen Price Pty Ltd - PAN-57965...
MA25/1339 Allen Price Pty Ltd - PAN-579655 - Jonsson Ro...
MA25/1339/6 Determination - Allen Price Pty Ltd - PAN-579...
  *D25/460781 MA2025 1339 Consolidated Consent - Jonsson ... 
MA25/1339/4 Assessment - Allen Price Pty Ltd - PAN-579655...",Not required
DA25/2238,https://www3.shoalhaven.nsw.gov.au/masterviewUI/modules/ApplicationMaster/default.aspx?page=wrapper&key=735123&propkey=92929, Alterations and additions within an existing caravan park for updated site amenities for the approved long term sites, 15/10/2025,UnderAss,Development Application,"32 Ilett St, MOLLYMOOK
Boag St, MOLLYMOOK",Michael Shapter,"['Actioned|Description|Date Sent|Date Due|Date Rec.|Status', '02/10/2025|Development Application Received|2025-10-02||2025-10-02|Past']",$1453,"DA25/2238 M Shapter - PAN-564655 - 32 Ilett Street MOLL...
DA25/2238/1 Application - M Shapter - PAN-564655 - 32 Ile...
  *D25/457382 Forms - Waste Managment Plan - 32 Ilett Stree... 
  *D25/457398 Report - Statement of Environmental Effects -... 
  *D25/457400 Report - Biodiversity Values Map & Threshold ... 
  *D25/457394 Plans - Site - 32 Ilett Street MOLLYMOOK NSW ... 
  *D25/457393 Plans - Notification - V2 uploaded 13/10/25 -... 
  *D25/558486 Plans - Revised Notification Plans - 32 Ilett... 
  *D25/558485 Plans - Revised Site Plan - 32 Ilett St Molly... 
  *D25/558488 Report - AMENDED SEE - 32 Ilett St Mollymook ... 
DA25/2238/4 Assessment - M Shapter - PAN-564655 - 32 Ilet...
DA25/2238/7 Post Determination - M Shapter - PAN-564655 -...
DA25/2238/3 Referrals - M Shapter - PAN-564655 - 32 Ilett...
DA25/2238/8 Connected Documents - M Shapter - PAN-564655 ...
DA25/2238/5 Inspections - M Shapter - PAN-564655 - 32 Ile...
DA25/2238/2 Notification / Submissions - M Shapter - PAN-...
  *D25/522628 Submission - Attachment PUBLIC - Wulf, Clare ... 
  *D25/522640 Submission - Clare AM Wulf - PUBLIC - Submiss... 
DA25/2238/6 Determination - M Shapter - PAN-564655 - 32 I...",Not required
DA25/2255,https://www3.shoalhaven.nsw.gov.au/masterviewUI/modules/ApplicationMaster/default.aspx?page=wrapper&key=735314&propkey=1004472, Strata subdivision of an attached dual occupancy, 15/10/2025,Approved on 26/11/2025,Development Application,"Wedgetail St, BADAGARANG",Hotondo South Coast Pty Ltd,"['Actioned|Description|Date Sent|Date Due|Date Rec.|Status', '07/10/2025|Development Application Received|2025-10-07||2025-10-07|Past']",$831,"DA25/2255 Hotondo South Coast Pty Ltd - PAN-578709 - We...
DA25/2255/2 Notification / Submissions - Hotondo South Co...
DA25/2255/1 Application - Hotondo South Coast Pty Ltd - P...
  *D25/456907 Plans - Subdivision - Wedgetail Street BADAGA... 
  *D25/456908 Report - Statement of Environmental Effects -... 
DA25/2255/8 Connected Documents - Hotondo South Coast Pty...
DA25/2255/7 Post Determination - Hotondo South Coast Pty ...
DA25/2255/4 Assessment - Hotondo South Coast Pty Ltd - PA...
DA25/2255/6 Determination - Hotondo South Coast Pty Ltd -...
  *D25/555511 Consent - Development (subdivision) - Wedgeta... 
  *D25/555561 Plans - APPROVED - Wedgetail St Badagarang - ... 
DA25/2255/3 Referrals - Hotondo South Coast Pty Ltd - PAN...
DA25/2255/5 Inspections - Hotondo South Coast Pty Ltd - P...",Not required
DA25/2276,https://www3.shoalhaven.nsw.gov.au/masterviewUI/modules/ApplicationMaster/default.aspx?page=wrapper&key=735627&propkey=1005021," Staged Torrens Title subdivision of the Residential and Industrial Precincts within the West Culburra SSD 3846 Concept Approval, and associated internal road roads, civil and site landscaping works, and clearing and vegetation removal of the West Culburra Site.", 15/10/2025,UnderAss,Development Application,"Culburra Rd, CULBURRA BEACH
Culburra Rd, CULBURRA BEACH",Allen Price Pty Ltd,"['Actioned|Description|Date Sent|Date Due|Date Rec.|Status', '09/10/2025|Development Application Received|2025-10-09||2025-10-09|Past']",$116435.32,"DA25/2276/1 Application - Allen Price Pty Ltd - PAN-57975...
  *D25/457121 Forms - Wastewater Management - V2 - Uploaded... 
  *D25/457168 Report - Aboriginal Cultural Heritage Managem... 
  *D25/457158 Report - Odour Assessment - Culburra Road CUL... 
  *D25/457134 Plans - Proposed Mixed Use Concept - Culburra... 
  *D25/457157 Report - Biodiversity Offset Scheme - Culburr... 
  *D25/457153 Report - Preliminary Site Investigation - C... 
  *D25/457163 Report - Bushfire Protection Assessment - Cu... 
  *D25/457136 Plans - Traffic Impact Assessment - Culburra... 
  *D25/457141 Plans - Construction Management - Culburra Ro... 
  *D25/457133 Plans - Subdivision - Appendix B - Culburra R... 
  *D25/457138 Plans - Subdivision - Appendix X - Culburra R... 
  *D25/457129 Plans - Landscape - Culburra Road CULBURRA B... 
  *D25/457139 Plans - Preliminary Engineering Drawings - Cu... 
  *D25/457132 Plans - Staging Plans - Culburra Road CULBUR... 
  *D25/457160 Report - Flood Impact Assessment - Culburra R... 
  *D25/457155 Report - Infrastructure Assessment - Culburra... 
  *D25/457159 Report - Statement of Environmental Effects -... 
  *D25/457130 Plans - Preliminary Vegetation Clearing - Cu... 
  *D25/457128 Letter - Cover Letter - Stage 1 - Culburra R... 
  *D25/457156 Report - Affordable Housing Strategy - Culbur... 
DA25/2276 Allen Price Pty Ltd - PAN-579755 - Culburra R...
DA25/2276/4 Assessment - Allen Price Pty Ltd - PAN-579755...
DA25/2276/3 Referrals - Allen Price Pty Ltd - PAN-579755 ...
DA25/2276/2 Notification / Submissions - Allen Price Pty ...
  *D25/507122 Submission - Joy M Pegler - Lot 1 DP 1305809 ... 
  *D25/549101 Public Exhibition 20 November 2025 to19 Decem... 
  *D25/552738 Submission - Supporting Attachment - Sinclair... 
  *D25/553155 Submission - Ms Leonie Sinclair - PUBLIC - Su... 
  *D25/558040 Submission - Ms Lana De Angelis - PUBLIC - Su... 
  *D25/558767 Submission - Submission Attachment - Haywood... 
  *D25/559664 Submission - Mr Tony Wennerbom - PUBLIC - Sub... 
  *D25/559703 Submission - Mrs Estelle Palmer - PUBLIC - Su... 
  *D25/559714 Submission - Mr Steven Foord - PUBLIC - Submi... 
  *D25/559719 Submission - Mr Scott Taylor - PUBLIC - Submi... 
  *D25/559720 Submission - Mrs Kristina EM Deluca - PUBLIC ... 
  *D25/559726 Submission - Mr S Mcintyre - PUBLIC - Submiss... 
  *D25/559729 Submission - Ms Christine Norris - PUBLIC - S... 
  *D25/559730 Submission - Mrs Kathryn Wilson - PUBLIC - Su... 
  *D25/559731 Submission - Mrs Melanie Christensen - PUBLIC... 
  *D25/559732 Submission - Ms Molly Ohalloran - PUBLIC - Su... 
  *D25/559735 Submission - Claire Haywood - PUBLIC - Submis... 
  *D25/559737 Submission - Ms Maggie Cooper - PUBLIC - Subm... 
  *D25/559896 Submission - Ms Madelaine A Pereira - PUBLIC ... 
  *D25/560539 Submission - Grewcock, Michael - PUBLIC - Sub... 
  *D25/560860 Submission - Mr Clayton Williams - Objection ... 
  *D25/560875 Submission - Robertson, Lucy - Letter attachm... 
  *D25/561465 Submission - Ms Lisa Watkins - PUBLIC - Submi... 
  *D25/561497 Submission - Jacqueline Cooke - PUBLIC - Subm... 
  *D25/561503 Submission - James Hoffmann - PUBLIC - Submis... 
  *D25/561570 Submission - Mrs Anna Peters - PUBLIC - Submi... 
  *D25/561573 Submission - Miss Helena Norrie - PUBLIC - Su... 
  *D25/561615 Submission - Mr Hilton Penfold - PUBLIC - Sub... 
  *D25/561637 Submission - Toby Wellington - PUBLIC - Submi... 
  *D25/561651 Submission - Mr Clayton Williams - PUBLIC - S... 
  *D25/561660 Submission - Mr Josh Gersohn - PUBLIC - Submi... 
  *D25/561675 Submission - Merrilyn Helliwell - PUBLIC - Su... 
  *D25/561730 Submission - Mr Peter Webb - PUBLIC - Submiss... 
  *D25/561734 Submission - Mrs Lucy Robertson - PUBLIC - Su... 
  *D25/561747 Submission - Mrs Sally Larsen - PUBLIC - Subm... 
  *D25/561971 Submission - Godsell, Paul - Objection Attach... 
  *D25/562396 Submission - Attachment - Morton, James - Obj... 
  *D25/562402 Submission - Mr Paul Godsell - PUBLIC - Submi... 
  *D25/562426 Submission - Attachment - Mr James Morton - P... 
  *D25/562654 Submission - Attachment - Sullivan, Kae - Cu... 
  *D25/562689 Submission - Sullivan, Kae - PUBLIC - Submiss... 
  *D25/562989 Submission - Ms Jodie Hanson - PUBLIC - Submi... 
  *D25/562997 Submission - Mr Grant Ruthven - PUBLIC - Subm... 
  *D25/565077 Submission - Catherine Kings - Culburra Road ... 
  *D25/565099 Submission - Michael Kings - Culburra Road CU... 
  *D25/563922 Submission - Attachment - Hadfield, Craig - C... 
  *D25/564339 Submission - Mrs Julie Ray - PUBLIC - Submiss... 
  *D25/564341 Submission - Ms Craig Hadfield - PUBLIC - Sub... 
  *D25/564345 Submission - Miss Katia Falco - PUBLIC - Subm... 
  *D25/564831 Submission - Attachment - Southern Cross Hous... 
  *D25/564928 Submission - Southern Cross Housing - PUBLIC ... 
  *D25/565280 Submission- Ms Patrice Wills - PUBLIC - Submi... 
  *D25/565285 Submission - Obrien, Margot - PUBLIC - Submis... 
  *D25/565399 Acknowledgement Letter - Culburra Road CULBUR... 
  *D25/565402 Submission - Kings, Michael John William - PU... 
  *D25/565769 Submission - Mr Gregory Waters - PUBLIC - Sub... 
  *D25/565786 Submission - Mr Ned Waters-Wills - PUBLIC - S... 
  *D25/568366 Submission - Mrs Tashi R Ram - PUBLIC - Submi... 
  *D25/568376 Submission - Ms Indra Wills - PUBLIC - Submis... 
  *D25/568384 Submission - Mr Liam Fogg - PUBLIC - Submissi... 
  *D25/568403 Submission - Mr Heath Bury - PUBLIC - Submiss... 
  *D25/569260 Submission - Mrs Tiarne Trueman - PUBLIC - Su... 
  *D25/570003 Submission - Attachment - Mr Keegan White - P... 
  *D25/570356 Submission - Attachment - Bowers, Yasmin Dawn... 
  *D25/570781 Submission - Ms Yasmin D Bowers - PUBLIC - Su... 
  *D25/571967 Submission (redacted) - Loke, Lindsay - Objec... 
  *D25/571972 Submission - Dingley, Ben - Objection attach... 
  *D25/587057 Submission - Alan Wright - PUBLIC - Culburra ... 
  *D25/572349 Submission - Mr Scott Cheevers - PUBLIC - Sub... 
  *D25/572379 Submission - Ms Karen Slaytor - PUBLIC - Subm... 
  *D25/572384 Submission - Mr Jack Kerr - PUBLIC - Submissi... 
  *D25/572385 Submission - Lisa Parker - PUBLIC - Submissio... 
  *D25/572391 Submission - Mrs Annita Liebert - PUBLIC - Su... 
  *D25/572397 Submission - Mr Barry Manning - PUBLIC - Subm... 
  *D25/572457 Submission - Mrs Lindsay Loke - PUBLIC - Subm... 
  *D25/572459 Submission - Mr Ben Dingley - PUBLIC - Submis... 
  *D25/573658 Submission - Mr David Riordan - PUBLIC - Subm... 
  *D25/574838 Submission - Mr John Kerr - PUBLIC - Submissi... 
  *D25/574839 Submission - Mrs Diana Kerr - PUBLIC - Submis... 
  *D25/574845 Submission - Mr David Iorns - PUBLIC - Submis... 
  *D25/574846 Submissio - Ms Felicity Sutton - PUBLIC - Sub... 
  *D25/574848 Submission - Ms Elizabeth Iorns - PUBLIC - Su... 
  *D25/574859 Submission - Ms Lynn Thorogood - PUBLIC - Sub... 
  *D25/575095 Submission - Goodnow, Katherine - Submission ... 
  *D25/575145 Submission - Attachment - White, Craig - Lett... 
  *D25/575225 Submission - Ms Katherine Goodnow - PUBLIC - ... 
  *D25/575228 Submission - Craig White - PUBLIC - Submissio... 
  *D25/575360 Submission - Attachment - Mccarthy, Suzanne -... 
  *D25/575493 Submission - Ms Karen Iorns - PUBLIC - Submis... 
  *D25/575517 Submission - Mccarthy, Suzanne - PUBLIC - Sub... 
  *D25/575619 Submission - Ms Gillian Minervini - G Minervi... 
  *D25/575708 Submission - Ms Gillian Minervini - PUBLIC - ... 
  *D25/576108 Submission - Attachment - Ms Vanessa Griffith... 
  *D25/587067 Submission - Wendy Stubbs - PUBLIC - Culburra... 
  *D25/578021 Submission - Ms Vanessa Griffiths - PUBLIC - ... 
  *D25/578025 Submission - Mrs Julie Gauci - PUBLIC - Submi... 
  *D25/578027 Submission - Mrs Julie Gauci - PUBLIC - Submi... 
  *D25/578982 Submission - Mrs Mary A Irvin - PUBLIC - Subm... 
  *D25/580731 Submission - Attachment - Henshaw, Carolyn - ... 
  *D25/580890 Submission - Suber Two Pty Ltd - PUBLIC - Sub... 
  *D25/580947 Submission - Mr Stephen Miller - PUBLIC - Sub... 
  *D25/580948 Submission - Ms Jannette Donney - PUBLIC - Su... 
  *D25/580985 Submission - Ms Carolyn Henshaw - PUBLIC - Su... 
  *D25/581647 Submission - Clark, Annette - PUBLIC - Submis... 
  *D25/582126 Submission - Mr Duncan Mcmaster - PUBLIC - Su... 
  *D25/583843 Submission - Mr Joshua Miller - PUBLIC - Subm... 
  *D25/584131 Submission - Attachment - Mrs Katherine L Dez... 
  *D25/585191 Submission - Attachment - Smith, Penny - Subm... 
  *D25/585193 Submission - Attachment - Smith, Penny - Subm... 
  *D25/587060 Submission - Narelle Wright - PUBLIC - Culbur... 
  *D25/588047 Submission - Attachment - Mr John Kotlash - O... 
  *D25/588252 Submission - Attachment - Anderson, Kingston ... 
  *D25/588653 Submission - Attachment - Blinkhorn, Suzanne ... 
  *D25/588767 Submission - Mrs Penny Smith - PUBLIC - Submi... 
  *D25/588772 Submission - Mrs Penny Smith - PUBLIC - Submi... 
  *D25/588777 Submission - Haire, Marian - PUBLIC - Submiss... 
  *D25/588781 Submission - Mrs Katherine L Dezarnaulds - PU... 
  *D25/588783 Submission - Lawlor, Michael John - PUBLIC -... 
  *D25/588784 Submission - Mr John Killeen - PUBLIC - Subm... 
  *D25/588785 Submission - Rachael Smith - PUBLIC - Submiss... 
  *D25/588790 Submission - Mr Fabio Belli - PUBLIC - Submis... 
  *D25/588791 Submission - Mr John Kotlash - PUBLIC - Submi... 
  *D25/588797 Submission - Mr Stephen Townsend - PUBLIC - S... 
  *D25/588801 Submission - Moustafine, Mara - PUBLIC - Subm... 
  *D25/588809 Submission - Mr Kingston Anderson - PUBLIC - ... 
  *D25/588814 Submission - Ms Suzanne M Blinkhorn - PUBLIC ... 
  *D25/588817 Submission - Garcia, S - PUBLIC - Submission ... 
  *D25/589693 Submission - Mrs Sue Martin - PUBLIC - Submis... 
  *D25/590545 Submission - Moustafine, Mara - Attachment - ... 
  *D25/590634 Submission - Attachment - Robinson, Jane - Ro... 
  *D25/591440 Submission - Jane Robinson - PUBLIC - Submiss... 
  *D25/592828 Submission - Dowling, Paul - PUBLIC - Submiss... 
  *D25/592858 Submission - Attachment - Culburra Residents ... 
  *D25/592861 Submission - Attachment - Peters, Joanne - Ob... 
  *D25/592949 Submission - Mrs Joanne Peters - PUBLIC - Sub... 
  *D25/592997 Submission - Mr Tom Hayes - PUBLIC - Submissi... 
  *D25/593001 Submission - Mr Josef Pichler - PUBLIC - Subm... 
  *D25/593007 Submission - Moon, Lisa - PUBLIC - Submission... 
  *D25/593027 Submission - Mrs Sally Brown - PUBLIC - Submi... 
  *D25/593028 Submission - Ogilvie, Nornski - PUBLIC - Subm... 
  *D25/593044 Submission - Mrs Kellie Sprowles - PUBLIC - S... 
  *D25/593086 Submission - Attachment - Hill, Daniel - Dani... 
  *D25/593136 Submission - Mr Daniel Hill - PUBLIC - Submis... 
  *D25/599996 Submission - PUBLIC - Jennifer Della Torre - ... 
  *D25/593273 Submission - Culburra Kitchens & Bathrooms, M... 
  *D25/593575 Submission - Ms Kerry Hewson - PUBLIC - Submi... 
  *D25/600063 Submission - PUBLIC - Jacky Lawes - Culburra ... 
  *D25/593774 Submission - Attachment - Mr Duncan Marshall ... 
  *D25/593793 Submission - Attachment - Marcus, Jacqueline ... 
  *D25/593862 Submission - Attachment - Webster, Samantha -... 
  *D25/594040 Submission - Johnson, Craig - DA2025_2276 - L... 
  *D25/594212 Submission - Attachment - Whalley-Okafor, Gil... 
  *D25/594215 Submission - Attachment - Whalley-Okafor, Gil... 
  *D25/594765 Submission - Attachment - O'Connor, Aleisha -... 
  *D25/594799 Submission - Somers, Matt - Culburra Road CUL... 
  *D25/594832 Submission - Attachment - Gray, Tonia - TONIA... 
  *D25/594992 Submission - Mr Matt Somers - PUBLIC - Submis... 
  *D25/594996 Submission - Mr Sam Mcfarlane - PUBLIC - Subm... 
  *D25/595018 Submission - Mr Duncan Marshall - PUBLIC - Su... 
  *D25/595021 Submission - Marcus, Jacqueline - PUBLIC - Su... 
  *D25/595022 Submission - Ms Samantha Webster - PUBLIC - S... 
  *D25/595024 Submission - Mr Stuart Tomlinson - PUBLIC - S... 
  *D25/595025 Submission - Mr Craig Johnson - PUBLIC - Subm... 
  *D25/595029 Submission - Hogarth, Rebecca - PUBLIC - Subm... 
  *D25/595032 Submission - Ms Gillian Whalley-Okafor - PUBL... 
  *D25/595033 Submission - Munro, Ross - PUBLIC - Submissio... 
  *D25/595034 Submission - Mr Lester C Radford - PUBLIC - S... 
  *D25/595036 Submission - Mrs Elizabeth Kopytko - PUBLIC -... 
  *D25/595038 Submission - Kohlenberg, David - PUBLIC - Sub... 
  *D25/595039 Submission - Mr Jarred Duffle - PUBLIC - Subm... 
  *D25/595040 Submission - Bradley, Maria - PUBLIC - Submis... 
  *D25/595042 Submission - Mr Edward Braddick - PUBLIC - Su... 
  *D25/595043 Submission - Mrs Kirsten Pichler - PUBLIC - S... 
  *D25/595044 Submission - Miss Aleisha O'connor - PUBLIC -... 
  *D25/595046 Submission - Ms Lani Imhof - PUBLIC - Submiss... 
  *D25/595049 Submission - Ms Jane Pollard - PUBLIC - Submi... 
  *D25/595051 Submission - Mr Mark Hoskins - PUBLIC - Submi... 
  *D25/595054 Submission - Ms Tonia Gray - PUBLIC - Submis... 
  *D25/595055 Submission - Mrs Wendy J Roberts - PUBLIC - S... 
  *D25/595056 Submission - Ms Jessica Zealand - PUBLIC - Su... 
  *D25/595518 Submission - Ms Suzanne J Taylor - PUBLIC - S... 
  *D25/595519 Submission - Glenn Jackson - PUBLIC - Submiss... 
  *D25/595521 Submission - Mr Brian Muller - PUBLIC - Submi... 
  *D25/595523 Submission - Powell, Suzanne - PUBLIC - Submi... 
  *D25/595527 Submission - Kelly, Colleen - PUBLIC - Submis... 
  *D25/600109 Submission - PUBLIC - Jacki Heaton for Claire... 
  *D25/595819 Submission - Attachment - Huskisson Heritage ... 
  *D25/595827 Submission - Attachment - Sleath, Rebecca - D... 
  *D25/595927 Submission - Mrs Helen Smith - PUBLIC - Submi... 
  *D25/595930 Submission - Ms Sarah Waddell - PUBLIC - Subm... 
  *D25/595936 Submission - Mrs Hollie Bates - PUBLIC - Subm... 
  *D25/595938 Submission - Huskisson Heritage Association -... 
  *D25/595939 Submission - Mrs Rebecca Sleath - PUBLIC - Su... 
  *D25/595966 Submission - Attachment - Mr Rod Sleath - Ful... 
  *D25/596077 Submission - Attachment - Read, Madeleine - O... 
  *D25/596133 Submission - Mr Brendan Wade - PUBLIC - Submi... 
  *D25/596141 Submission- Mr Rod Sleath - PUBLIC - Submissi... 
  *D25/596144 Submission - Mrs Louise Brown - PUBLIC - Subm... 
  *D25/596145 Submission - Ms Dannyelle Formosa - PUBLIC - ... 
  *D25/596147 Submission - Ms Madeleine Read - PUBLIC - Sub... 
  *D25/596182 Submission - Ms Rebekah Nugent - Objection Su... 
  *D25/596386 Submission - Attachment - Peach, Tim - Object... 
  *D25/596429 Submission - Attachment - Applicant In The So... 
  *D25/596447 Submission - Ms Rebekah Nugent - PUBLIC - Sub... 
  *D25/596453 Submission- Mrs Karyn Knowles - PUBLIC - Subm... 
  *D25/596461 Submission - Mr Tim Peach - PUBLIC - Submissi... 
  *D25/596516 Submission - Attachment - Mrs Karyn Knowles -... 
  *D25/596521 Submission - Roberts, Wendy Jane - Culburra D... 
  *D25/596522 Submission - Mr Lester C Radford - Additional... 
  *D25/596544 Submission - Ms Rhiannon R Smith - PUBLIC - ... 
  *D25/596554 Submission - Mr Andrew Greifeneder - PUBLIC -... 
  *D25/596563 Submission - Ms Anne Wakefield - PUBLIC - Sub... 
  *D25/596570 Submission - Ms Ella Bevanda - Objection atta... 
  *D25/596668 Submission - Macdonald, Robyn - Objection att... 
  *D25/596680 Submission - Waddell, Sarah - Objection attac... 
  *D25/596712 Submission - Ms Emma Hood - Objection attachm... 
  *D25/596720 Submission - Bevanda, Stan - Objection attach... 
  *D25/596727 Submission - Wellington, Alfred - Jerrinja LA... 
  *D25/596748 Submission (redacted) - Mr Kym Heffernan - Le... 
  *D25/596755 Submission (redacted) - Mrs Lisa Heffernan - ... 
  *D25/597907 Submission - Ms Ella Bevanda - PUBLIC - Submi... 
  *D25/597923 Submission - Gartner, Kaye - PUBLIC - Submiss... 
  *D25/597927 Submission - Macdonald, Robyn - PUBLIC - Subm... 
  *D25/597934 Submission - Ms Sarah Waddell - PUBLIC - Subm... 
  *D25/597946 Submission - Ms Emma Hood - PUBLIC - Submissi... 
  *D25/597962 Submission - Mr Stan Bevanda - PUBLIC - Submi... 
  *D25/597966 Submission - Ms Carmel Lind - PUBLIC - Submis... 
  *D25/597972 Submission - Mr Alfred Wellington - PUBLIC - ... 
  *D25/597976 Submission - Mr Kym Heffernan - PUBLIC - Subm... 
  *D25/597979 Submission - Mrs Lisa Heffernan - PUBLIC - Su... 
  *D25/597980 Submission - Mr Bill Palmer - PUBLIC - Submis... 
DA25/2276/7 Post Determination - Allen Price Pty Ltd - PA...
DA25/2276/6 Determination - Allen Price Pty Ltd - PAN-579...
DA25/2276/8 Connected Documents - Allen Price Pty Ltd - P...
DA25/2276/5 Inspections - Allen Price Pty Ltd - PAN-57975...",Not required
DA25/2284,https://www3.shoalhaven.nsw.gov.au/masterviewUI/modules/ApplicationMaster/default.aspx?page=wrapper&key=735744&propkey=68822," Single storey dwelling house, swimming pool and cabana, tennis court, pavilion and shed", 15/10/2025,UnderAss,Development Application,"Bundewallah Rd, BUNDEWALLAH",Craig Johnson,"['Actioned|Description|Date Sent|Date Due|Date Rec.|Status', '11/10/2025|Development Application Received|2025-10-11||2025-10-11|Past']",$7126,"DA25/2284/3 Referrals - Craig Johnson - PAN-580296 - Bund...
  *D25/535074 Internal Referral - GIS Unit House Numbering ... 
  *D25/535075 Internal Referral - Plumbing and Drainage - D... 
  *D25/588763 Referral response - Rural Fire Service - Appr... 
DA25/2284/2 Notification / Submissions - Craig Johnson - ...
DA25/2284/1 Application - Craig Johnson - PAN-580296 - Bu...
  *D25/534052 Report - AMENDED - Biodiversity Values Map & ... 
  *D25/457790 Forms - Waste Management Plan - Bundewallah R... 
  *D25/457814 Report - Wastewater Management - Bundewallah ... 
  *D25/457787 Certificate - NatHERS - Bundewallah Road BUND... 
  *D25/457788 Certificate - BASIX - Bundewallah Road BUNDEW... 
  *D25/457811 Report - Statement of Environmental Effects -... 
  *D25/457815 Report - External Colours - Bundewallah Road ... 
  *D25/534048 Plans - AMENDED - Notification Plans - Bundew... 
  *D25/534049 Plans - AMENDED - Site Plan - Bundewallah Roa... 
DA25/2284 Craig Johnson - PAN-580296 - Bundewallah Road...
DA25/2284/4 Assessment - Craig Johnson - PAN-580296 - Bun...
DA25/2284/6 Determination - Craig Johnson - PAN-580296 - ...
DA25/2284/7 Post Determination - Craig Johnson - PAN-5802...
DA25/2284/8 Connected Documents - Craig Johnson - PAN-580...
DA25/2284/5 Inspections - Craig Johnson - PAN-580296 - Bu...",Not required
DA25/2286,https://www3.shoalhaven.nsw.gov.au/masterviewUI/modules/ApplicationMaster/default.aspx?page=wrapper&key=735746&propkey=41619," Site clearing, site filling and retaining walls; construction of two industrial sheds with ancillary office and hardstand driveways", 15/10/2025,AwaitInfo,Development Application,"20 Bellevue St, SOUTH NOWRA",Sharon Keeffe,"['Actioned|Description|Date Sent|Date Due|Date Rec.|Status', '12/10/2025|Development Application Received|2025-10-12||2025-10-12|Past']",$8438.16,"DA25/2286 S Keeffe - PAN-580215 - 20 Bellevue Street SO...
DA25/2286/5 Inspections - S Keeffe - PAN-580215 - 20 Bell...
DA25/2286/1 Application - S Keeffe - PAN-580215 - 20 Bell...
  *D25/458942 Report - Flood Risk Management - 20 Bellevue... 
  *D25/458962 Report - Flora and Fauna Assessment - 20 Bell... 
  *D25/458964 Report - Bushfire Report - 20 Bellevue Street... 
  *D25/458944 Report - Clause 4.6 Variation Request - 20 ... 
  *D25/458917 Forms - Water Management - 20 Bellevue Street... 
  *D25/458946 Report - Statement of Environmental Effects -... 
  *D25/458945 Report - AAS Access Report - V2 - Uploaded 14... 
  *D25/458930 Plans - Sections and Elevations - 20 Bellevue... 
  *D25/458927 Plans - Notification - V2 - Uploaded 14/10/25... 
  *D25/458933 Plans - Site - V2 - Uploaded 14/10/25 - 20 Be... 
DA25/2286/4 Assessment - S Keeffe - PAN-580215 - 20 Belle...
DA25/2286/3 Referrals - S Keeffe - PAN-580215 - 20 Bellev...
  *D25/510291 Internal Referral - Floodplain Management - D... 
  *D25/510293 Internal Referral - Biodiversity - DA2025 228... 
  *D25/510303 Internal Referral - Water Asset Planning & De... 
  *D25/510306 Internal Referral - GIS Unit House Numbering ... 
  *D25/510307 Internal Referral - Development Engineer - DA... 
DA25/2286/2 Notification / Submissions - S Keeffe - PAN-5...
  *D25/515811 Public Exhibition - 7 November 2025 to 7 Dece... 
DA25/2286/6 Determination - S Keeffe - PAN-580215 - 20 Be...
DA25/2286/7 Post Determination - S Keeffe - PAN-580215 - ...
DA25/2286/8 Connected Documents - S Keeffe - PAN-580215 -...",Not required
DA25/2291,https://www3.shoalhaven.nsw.gov.au/masterviewUI/modules/ApplicationMaster/default.aspx?page=wrapper&key=735787&propkey=13288, Continued Use of External Habitable Rooms for Residential Living, 15/10/2025,Deferred on 10/11/2025,Development Application,"253 Elizabeth Dr, VINCENTIA",Ned Cvetkovic,"['Actioned|Description|Date Sent|Date Due|Date Rec.|Status', '13/10/2025|Development Application Received|2025-10-13||2025-10-13|Past']",$854,"DA25/2291 N Cvetkovic - PAN-580476 - 253 Elizabeth Driv...
DA25/2291/3 Referrals - N Cvetkovic - PAN-580476 - 253 El...
DA25/2291/7 Post Determination - N Cvetkovic - PAN-580476...
DA25/2291/1 Application - N Cvetkovic - PAN-580476 - 253 ...
  *D25/457372 Report - Category 1 Fire Safety Provisions - ... 
  *D25/457367 Report - Statement of Environmental Effects -... 
  *D25/457356 Certificate - BASIX - 253 Elizabeth Drive VIN... 
  *D25/489856 Forms - BASIX Certificate - DA2025/2291 - 253... 
  *D25/457363 Plans - Notification - 253 Elizabeth Drive VI... 
  *D25/457365 Plans - Site - 253 Elizabeth Drive VINCENTIA... 
DA25/2291/6 Determination - N Cvetkovic - PAN-580476 - 25...
  *D25/545420 Notice of Determination - Deferred Comecement... 
DA25/2291/2 Notification / Submissions - N Cvetkovic - PA...
  *D25/521198 Submission - Mr Aaron Jones - PUBLIC - Submis... 
DA25/2291/5 Inspections - N Cvetkovic - PAN-580476 - 253 ...
DA25/2291/4 Assessment - N Cvetkovic - PAN-580476 - 253 E...
DA25/2291/8 Connected Documents - N Cvetkovic - PAN-58047...",Not required
DA25/2292,https://www3.shoalhaven.nsw.gov.au/masterviewUI/modules/ApplicationMaster/default.aspx?page=wrapper&key=735810&propkey=17082, Detached shed with bathroom, 15/10/2025,Approved on 11/11/2025,Development Application,"20 Clarendon Cr, BASIN VIEW",Brooks Shed Constructions,"['Actioned|Description|Date Sent|Date Due|Date Rec.|Status', '13/10/2025|Development Application Received|2025-10-13||2025-10-13|Past']",$818,"DA25/2292/3 Referrals - B S Constructions - PAN-580641 - ...
DA25/2292/5 Inspections - B S Constructions - PAN-580641 ...
DA25/2292/2 Notification / Submissions - B S Construction...
DA25/2292/6 Determination - B S Constructions - PAN-58064...
  *D25/532793 Notice of Determination - APPROVAL ~ 20 Clare... 
  *D25/532791 Endorsed Plans- 20 Clarendon Cres BASIN VIEW ... 
DA25/2292 B S Constructions - PAN-580641 - 20 Clarendon...
DA25/2292/1 Application - B S Constructions - PAN-580641 ...
  *D25/457438 Plans - Statement of Environmental Effects -... 
  *D25/457434 Plans - Site - 20 Clarendon Crescent BASIN VI... 
  *D25/457430 Plans - Elevations - 20 Clarendon Crescent BA... 
  *D25/457431 Plans - Cross Section - 20 Clarendon Crescent... 
  *D25/457440 Plans - Notification - 20 Clarendon Crescent ... 
  *D25/457422 Forms - Waste Management - 20 Clarendon Cres... 
  *D25/457443 Report - Biodiversity Offset Scheme - 20 Clar... 
DA25/2292/4 Assessment - B S Constructions - PAN-580641 -...
DA25/2292/7 Post Determination - B S Constructions - PAN-...
DA25/2292/8 Connected Documents - B S Constructions - PAN...",Not required
DA25/2300,https://www3.shoalhaven.nsw.gov.au/masterviewUI/modules/ApplicationMaster/default.aspx?page=wrapper&key=735932&propkey=99841, Torrens title subdivision of Lot 1 to create Lot 101 and a proposed Lot 102 (residue allotment), 15/10/2025,AwaitInfo,Development Application,"5 Cashman Rd, ULLADULLA",Matthew Paduch,"['Actioned|Description|Date Sent|Date Due|Date Rec.|Status', '15/10/2025|Development Application Received|2025-10-15||2025-10-15|Past']",$1155,"DA25/2300 M Paduch - PAN-581196 - 5 Cashman Road ULLADU...
DA25/2300/1 Application - M Paduch - PAN-581196 - 5 Cashm...
  *D25/456973 Report - Biodiversity Offsets Scheme - 5 Cash... 
  *D25/456968 Plans - Preliminary Engineering Drawings - 5 ... 
  *D25/456969 Plans - Proposed Plan of Subdivision - 5 Cash... 
DA25/2300/6 Determination - M Paduch - PAN-581196 - 5 Cas...
DA25/2300/5 Inspections - M Paduch - PAN-581196 - 5 Cashm...
DA25/2300/7 Post Determination - M Paduch - PAN-581196 - ...
DA25/2300/2 Notification / Submissions - M Paduch - PAN-5...
DA25/2300/4 Assessment - M Paduch - PAN-581196 - 5 Cashma...
DA25/2300/8 Connected Documents - M Paduch - PAN-581196 -...
DA25/2300/3 Referrals - M Paduch - PAN-581196 - 5 Cashman...",Not required
MA25/1333,https://www3.shoalhaven.nsw.gov.au/masterviewUI/modules/ApplicationMaster/default.aspx?page=wrapper&key=735456&propkey=29477," S4.55(1A) to DA22/1921 - Alterations to approved plans to make the better use of space and natural light, Changing windows Removing awnings Change to roof pitch Change to finished floor height", 15/10/2025,Approved on 13/11/2025,Modification Application,"35 Seasongood Rd, WOOLLAMIA",Aymee Marie Woodland,"['Actioned|Description|Date Sent|Date Due|Date Rec.|Status', '08/10/2025|Modification Application Received|2025-10-08||2025-10-08|Past']",$1334,"MA25/1333 A M Woodland - PAN-575006 - 35 Seasongood Roa...
MA25/1333/1 Application - A M Woodland - PAN-575006 - 35 ...
  *D25/457507 Certificate - BASIX - 35 Seasongood Road WOOL... 
  *D25/457532 Plans - Site - 35 Seasongood Road WOOLLAMIA ... 
  *D25/457536 Plans - Notification - V3 uploaded 15/10/25 1... 
  *D25/457525 Letter - Modification cover - V5 uploaded 15/... 
MA25/1333/4 Assessment - A M Woodland - PAN-575006 - 35 S...
MA25/1333/3 Referrals - A M Woodland - PAN-575006 - 35 Se...
MA25/1333/7 Post Determination - A M Woodland - PAN-57500...
MA25/1333/6 Determination - A M Woodland - PAN-575006 - 3...
  *D25/537455 Consent - Consolidated Development - 35 Seaso... 
  *D25/537779 Plans - APPROVED - 35 Seasongood Rd Woollamia... 
MA25/1333/5 Inspections - A M Woodland - PAN-575006 - 35 ...
MA25/1333/2 Notification / Submissions - A M Woodland - P...
MA25/1333/8 Connected Documents - A M Woodland - PAN-5750...",Not required
MA25/1337,https://www3.shoalhaven.nsw.gov.au/masterviewUI/modules/ApplicationMaster/default.aspx?page=wrapper&key=735577&propkey=1004118, S4.55(1A) to DA25/1459 - amendment to the rainwater tank to be underground, 15/10/2025,Approved on 11/11/2025,Modification Application,"38 Serenity Rdge, BERRY",McDonald Jones Homes Pty Ltd,"['Actioned|Description|Date Sent|Date Due|Date Rec.|Status', '09/10/2025|Modification Application Received|2025-10-09||2025-10-09|Past']",$914,"MA25/1337 McDonald Jones Homes Pty Ltd - PAN-579589 - 3...
MA25/1337/1 Application - McDonald Jones Homes Pty Ltd - ...
  *D25/457715 Report - Energy Efficiency Assessment - 38 Se... 
  *D25/457711 Development Consent DA25/1459 - 38 Serenity R... 
  *D25/457693 Certificate - BASIX - 38 Serenity Ridge BERRY... 
  *D25/457706 Plans - Notification - 38 Serenity Ridge BERR... 
  *D25/457705 Plans - Landscape - 38 Serenity Ridge BERRY N... 
  *D25/457703 Letter - Modification cover - 38 Serenity Rid... 
MA25/1337/6 Determination - McDonald Jones Homes Pty Ltd ...
  *D25/527936 Approved - Plans - MA2025/1337 - 38 Serenity ... 
  *D25/532855 Consolidated Consent - MA2025/1337 - 38 Seren... 
MA25/1337/5 Inspections - McDonald Jones Homes Pty Ltd - ...
MA25/1337/8 Connected Documents - McDonald Jones Homes Pt...
MA25/1337/7 Post Determination - McDonald Jones Homes Pty...
MA25/1337/4 Assessment - McDonald Jones Homes Pty Ltd - P...
MA25/1337/2 Notification / Submissions - McDonald Jones H...
MA25/1337/3 Referrals - McDonald Jones Homes Pty Ltd - PA...",Not required
DA25/2269,https://www3.shoalhaven.nsw.gov.au/masterviewUI/modules/ApplicationMaster/default.aspx?page=wrapper&key=735528&propkey=13193," Demolition of an existing two-storey dwelling and construction of a two-storey dwelling, garage and swimming pool less than 40kL", 16/10/2025,AwaitInfo,Development Application,"446 Elizabeth Dr, VINCENTIA",Peter Donald O'Hehir,"['Actioned|Description|Date Sent|Date Due|Date Rec.|Status', '08/10/2025|Development Application Received|2025-10-08||2025-10-08|Past']",$5401.08,"DA25/2269/6 Determination - P D O'Hehir - PAN-579306 - 44...
DA25/2269/2 Notification / Submissions - P D O'Hehir - PA...
DA25/2269/1 Application - P D O'Hehir - PAN-579306 - 446 ...
  *D25/459010 Certificate - NatHERS - 446 Elizabeth Drive V... 
  *D25/459036 Report - Biodiversity Offset Scheme - 446 Eli... 
  *D25/459012 Certificate - BASIX - 446 Elizabeth Drive VI... 
  *D25/459037 Report - Redacted Bushfire Assessment - 446 ... 
  *D25/459014 Forms - Waste Management Plan - V2 - Uploaded... 
  *D25/459035 Report - Statement of Environmental Effects -... 
  *D25/459032 Plans - Site - V3 - Uploaded 16/10/25 - 446 E... 
  *D25/459031 Plans - Notification - V3 - Uploaded 16/10/25... 
DA25/2269/5 Inspections - P D O'Hehir - PAN-579306 - 446 ...
DA25/2269 P D O'Hehir - PAN-579306 - 446 Elizabeth Driv...
DA25/2269/3 Referrals - P D O'Hehir - PAN-579306 - 446 El...
DA25/2269/8 Connected Documents - P D O'Hehir - PAN-57930...
DA25/2269/4 Assessment - P D O'Hehir - PAN-579306 - 446 E...
DA25/2269/7 Post Determination - P D O'Hehir - PAN-579306...",Not required
MA25/1344,https://www3.shoalhaven.nsw.gov.au/masterviewUI/modules/ApplicationMaster/default.aspx?page=wrapper&key=735804&propkey=120347, S4.55(1) to SF10658 - amendment to condition 71, 16/10/2025,Approved on 24/10/2025,Modification Application,"Maisie Williams Dr, MOLLYMOOK",Hazcorp Pty Ltd,"['Actioned|Description|Date Sent|Date Due|Date Rec.|Status', '13/10/2025|Modification Application Received|2025-10-13||2025-10-13|Past']",$150,"MA25/1344 Hazcorp Pty Ltd - PAN-580608 - Maisie William...
MA25/1344/4 Assessment - Hazcorp Pty Ltd - PAN-580608 - M...
MA25/1344/6 Determination - Hazcorp Pty Ltd - PAN-580608 ...
  *D25/495915 APPROVED Consolidated Consent MA2025 1344 216... 
MA25/1344/3 Referrals - Hazcorp Pty Ltd - PAN-580608 - Ma...
MA25/1344/1 Application - Hazcorp Pty Ltd - PAN-580608 - ...
  *D25/458815 Plans - Approved Plan of Subdivision - Maisie... 
  *D25/458814 Plans - Preliminary Engineering Drawings - Ma... 
  *D25/458813 Letter - Modification Letter - Maisie William... 
MA25/1344/5 Inspections - Hazcorp Pty Ltd - PAN-580608 - ...
MA25/1344/2 Notification / Submissions - Hazcorp Pty Ltd ...
MA25/1344/7 Post Determination - Hazcorp Pty Ltd - PAN-58...
MA25/1344/8 Connected Documents - Hazcorp Pty Ltd - PAN-5...",Not required
DA25/2275,https://www3.shoalhaven.nsw.gov.au/masterviewUI/modules/ApplicationMaster/default.aspx?page=wrapper&key=735615&propkey=28050, Alterations and additions to shop top housing, 17/10/2025,UnderAss,Development Application,"3 Parkes Cr, CALLALA BEACH",Antonio Bagala,"['Actioned|Description|Date Sent|Date Due|Date Rec.|Status', '09/10/2025|Development Application Received|2025-10-09||2025-10-09|Past']",$4287.96,"DA25/2275/1 Application - A Bagala - PAN-579674 - 3 Parke...
  *D25/462514 Forms - Waste Management - 3 Parkes Crescent ... 
  *D25/462507 Certificate - BASIX - UNIT 1 - 3 Parkes Cresc... 
  *D25/462509 Certificate - BASIX - UNIT 2 - 3 Parkes Cresc... 
  *D25/462506 Certificate - BASIX - UNIT 3 - 3 Parkes Cresc... 
  *D25/462533 Report - Statement of Environmental Effects -... 
  *D25/462531 Plans - Site - 3 Parkes Crescent CALLALA BEAC... 
  *D25/462524 Plans - Water Management - 3 Parkes Crescent ... 
  *D25/462519 Letter - Landscaping - 3 Parkes Crescent CALL... 
  *D25/462528 Plans - Notification - V2 - Uploaded 17/10/25... 
DA25/2275 A Bagala - PAN-579674 - 3 Parkes Crescent CAL...
DA25/2275/6 Determination - A Bagala - PAN-579674 - 3 Par...
DA25/2275/2 Notification / Submissions - A Bagala - PAN-5...
DA25/2275/5 Inspections - A Bagala - PAN-579674 - 3 Parke...
DA25/2275/4 Assessment - A Bagala - PAN-579674 - 3 Parkes...
DA25/2275/8 Connected Documents - A Bagala - PAN-579674 -...
DA25/2275/7 Post Determination - A Bagala - PAN-579674 - ...
DA25/2275/3 Referrals - A Bagala - PAN-579674 - 3 Parkes ...",Not required
DA25/2278,https://www3.shoalhaven.nsw.gov.au/masterviewUI/modules/ApplicationMaster/default.aspx?page=wrapper&key=735666&propkey=24925, Single storey dwelling house, 17/10/2025,Approved on 25/11/2025,Development Application,"2 Cameron St, CONJOLA PARK",Masterton Homes,"['Actioned|Description|Date Sent|Date Due|Date Rec.|Status', '10/10/2025|Development Application Received|2025-10-10||2025-10-10|Past']",$2060.18,"DA25/2278/4 Assessment - Masterton Homes - PAN-579996 - 2...
DA25/2278/5 Inspections - Masterton Homes - PAN-579996 - ...
DA25/2278/7 Post Determination - Masterton Homes - PAN-57...
DA25/2278/1 Application - Masterton Homes - PAN-579996 - ...
  *D25/462427 Plans - Schedule of Colours, Materials and Fi... 
  *D25/462454 Report - Biodiversity Offset Scheme - 2 Camer... 
  *D25/462402 Certificate - NatHERS - 2 Cameron Street CONJ... 
  *D25/462403 Certificate - BASIX - 2 Cameron Street CONJOL... 
  *D25/462455 Report - Bushfire Assessment - 2 Cameron Stre... 
  *D25/462456 Report - Statement of Environmental Effects -... 
  *D25/462449 Plans - Site - 2 Cameron Street CONJOLA PARK ... 
  *D25/462439 Plans - Elevations - 2 Cameron Street CONJOLA... 
  *D25/462447 Plans - Erosion & Sediment Control - 2 Camero... 
  *D25/462434 Plans - Landscape Plan - 2 Cameron Street CON... 
  *D25/462452 Forms - Waste Management - V2 - Uploaded 17/1... 
  *D25/462444 Plans - Notification - V2 - Uploaded 17/10/25... 
DA25/2278/6 Determination - Masterton Homes - PAN-579996 ...
  *D25/553224 Approved External Plans - DA2025/2278 - Dwell... 
  *D25/553271 Approved Statement of Environmental Effects -... 
  *D25/553275 Approved Schedule of Colours, Materials and F... 
  *D25/553304 Approved BASIX Certificate - DA2025/2278 - Dw... 
  *D25/553327 Notice of Determination - Alterations and Add... 
DA25/2278 Masterton Homes - PAN-579996 - 2 Cameron Stre...
DA25/2278/8 Connected Documents - Masterton Homes - PAN-5...
DA25/2278/3 Referrals - Masterton Homes - PAN-579996 - 2 ...
DA25/2278/2 Notification / Submissions - Masterton Homes ...",Not required
DA25/2282,https://www3.shoalhaven.nsw.gov.au/masterviewUI/modules/ApplicationMaster/default.aspx?page=wrapper&key=735736&propkey=18639, Carport and extension of existing decks with roof over and a swimming pool, 17/10/2025,Approved on 05/12/2025,Development Application,"176 Matron Porter Dr, MOLLYMOOK BEACH",Joshua Pin,"['Actioned|Description|Date Sent|Date Due|Date Rec.|Status', '11/10/2025|Development Application Received|2025-10-11||2025-10-11|Past']",$1537.52,"DA25/2282/5 Inspections - J Pin - PAN-580270 - 176 Matron...
DA25/2282/1 Application - J Pin - PAN-580270 - 176 Matron...
  *D25/462213 Forms - Waste Management - 176 Matron Porter... 
  *D25/462227 Report - Statement of Environmental Effects -... 
  *D25/462229 Report - Biodiversity Offsets Scheme - 176 Ma... 
  *D25/462221 Plans - Site - 176 Matron Porter Drive MOLLY... 
  *D25/462225 Plans - Notification - V3 - Uploaded 17/10/25... 
DA25/2282/2 Notification / Submissions - J Pin - PAN-5802...
DA25/2282/3 Referrals - J Pin - PAN-580270 - 176 Matron P...
DA25/2282/4 Assessment - J Pin - PAN-580270 - 176 Matron ...
DA25/2282 J Pin - PAN-580270 - 176 Matron Porter Drive ...
DA25/2282/6 Determination - J Pin - PAN-580270 - 176 Matr...
  *D25/569995 Approved Plans (combined) DA2025 2282 - 176 M... 
  *D25/569959 Determination Notice - DA2025 2282 - 176 Matr... 
DA25/2282/7 Post Determination - J Pin - PAN-580270 - 176...
DA25/2282/8 Connected Documents - J Pin - PAN-580270 - 17...",Not required
MA25/1350,https://www3.shoalhaven.nsw.gov.au/masterviewUI/modules/ApplicationMaster/default.aspx?page=wrapper&key=736222&propkey=1003005," Section 4.54 to extend a deferred commencement lapsing period by an additional 12 months for SF10898 relating to 2-10 and 49 Taylors Lane and Lancaster Drive, Badagarang (the site). The requested extension would result in a total deferred commencement timeframe of 36 months.", 17/10/2025,Approved on 03/11/2025,Modification Application,"10 Taylors Lane, BADAGARANG
2 Taylors Lane, BADAGARANG
49 Taylors Lane, BADAGARANG
Catalina Pl, BADAGARANG",Cambewarra Ventures Pty Ltd,"['Actioned|Description|Date Sent|Date Due|Date Rec.|Status', '17/10/2025|Modification Application Received|2025-10-17||2025-10-17|Past']",$174,"MA25/1350 Cambewarra Ventures Pty Ltd - PAN-582125 - 10...
MA25/1350/4 Assessment - Cambewarra Ventures Pty Ltd - PA...
MA25/1350/3 Referrals - Cambewarra Ventures Pty Ltd - PAN...
MA25/1350/5 Inspections - Cambewarra Ventures Pty Ltd - P...
MA25/1350/2 Notification / Submissions - Cambewarra Ventu...
MA25/1350/7 Post Determination - Cambewarra Ventures Pty ...
MA25/1350/1 Application - Cambewarra Ventures Pty Ltd - P...
  *D25/462596 Report - Statement of Environmental Effects -... 
MA25/1350/8 Connected Documents - Cambewarra Ventures Pty...
MA25/1350/6 Determination - Cambewarra Ventures Pty Ltd -...
  *D25/519762 Determination - Modified Consolidated Consent... ",Not required
DA25/2301,https://www3.shoalhaven.nsw.gov.au/masterviewUI/modules/ApplicationMaster/default.aspx?page=wrapper&key=735989&propkey=56361, Alterations and additions to dwelling house, 20/10/2025,Approved on 19/11/2025,Development Application,"58 Catherine St, MYOLA",Garsh Developments Pty Ltd,"['Actioned|Description|Date Sent|Date Due|Date Rec.|Status', '15/10/2025|Development Application Received|2025-10-15||2025-10-15|Past']",$2194,"DA25/2301 Garsh Developments Pty Ltd - PAN-581453 - 58 ...
DA25/2301/3 Referrals - Garsh Developments Pty Ltd - PAN-...
DA25/2301/1 Application - Garsh Developments Pty Ltd - PA...
  *D25/464086 Forms - Waste Management - 58 Catherine Stree... 
  *D25/464098 Report - Bushfire Assessment - 58 Catherine S... 
  *D25/464097 Report - Statement of Environmental Effects -... 
  *D25/464101 Report - Biodiversity Offsets Scheme - 58 Cat... 
  *D25/464093 Plans - Notification - V2 - Uploaded 17/10/25... 
  *D25/464081 Certificate - BASIX - 58 Catherine Street MYO... 
  *D25/464089 Plans - Site - 58 Catherine Street MYOLA NSW... 
DA25/2301/2 Notification / Submissions - Garsh Developmen...
  *D25/508907 Submission - Mr Wayne Creed - PUBLIC - Submis... 
DA25/2301/5 Inspections - Garsh Developments Pty Ltd - PA...
DA25/2301/4 Assessment - Garsh Developments Pty Ltd - PAN...
DA25/2301/6 Determination - Garsh Developments Pty Ltd - ...
  *D25/543622 Notice of Determination - Alterations and Add... 
  *D25/543572 Approved Plans - 58 Catherine St Myola - Lot ... 
DA25/2301/8 Connected Documents - Garsh Developments Pty ...
DA25/2301/7 Post Determination - Garsh Developments Pty L...",Not required
MA25/1345,https://www3.shoalhaven.nsw.gov.au/masterviewUI/modules/ApplicationMaster/default.aspx?page=wrapper&key=735859&propkey=38022, S4.55(1A) to DA2023/3182 - Changes to external wall materials and window sizes, 20/10/2025,Approved on 03/11/2025,Modification Application,"Church St, TOMERONG",Paul Marano,"['Actioned|Description|Date Sent|Date Due|Date Rec.|Status', '14/10/2025|Modification Application Received|2025-10-14||2025-10-14|Past']",$914,"MA25/1345/6 Determination - P Marano - PAN-580865 - Churc...
  *D25/519015 Consolidated Consent MA2025 1345 - Lot 38 Chu... 
  *D25/519410 Approved Plans Modified by MA2025-1345 - Lot ... 
  *D25/519431 Basix Certificate Modified - Lot 38 Church St... 
MA25/1345 P Marano - PAN-580865 - Church Street TOMERON...
MA25/1345/1 Application - P Marano - PAN-580865 - Church ...
  *D25/464277 Plans - Notification - Church Street TOMERONG... 
  *D25/464259 Certificate - NatHERS - Church Street TOMERO... 
  *D25/464261 Certificate - BASIX - Church Street TOMERONG... 
  *D25/464286 Report - Statement of Environmental Effects -... 
  *D25/464274 Letter - Modfication Cover - Church Street T... 
  *D25/464275 Plans - Site - Church Street TOMERONG NSW 25... 
MA25/1345/5 Inspections - P Marano - PAN-580865 - Church ...
MA25/1345/4 Assessment - P Marano - PAN-580865 - Church S...
MA25/1345/2 Notification / Submissions - P Marano - PAN-5...
MA25/1345/3 Referrals - P Marano - PAN-580865 - Church St...
MA25/1345/7 Post Determination - P Marano - PAN-580865 - ...
MA25/1345/8 Connected Documents - P Marano - PAN-580865 -...",Not required
MA25/1347,https://www3.shoalhaven.nsw.gov.au/masterviewUI/modules/ApplicationMaster/default.aspx?page=wrapper&key=735986&propkey=22434, S4.55(1A) to DA2024/1385 - Garage to replace previously demolished garage, 20/10/2025,Approved on 11/11/2025,Modification Application,"57 Walton Way, CURRARONG",Chris Williamson,"['Actioned|Description|Date Sent|Date Due|Date Rec.|Status', '15/10/2025|Modification Application Received|2025-10-15||2025-10-15|Past']",$705,"MA25/1347 C Williamson - PAN-581456 - 57 Walton Way CUR...
MA25/1347/1 Application - C Williamson - PAN-581456 - 57 ...
  *D25/464232 Forms - Waste Management - 57 Walton Way CURR... 
  *D25/464252 Report - Biodiversity Offsets Scheme - 57 Wal... 
  *D25/464243 Plans - Site - 57 Walton Way CURRARONG NSW 25... 
  *D25/464244 Plans - Notification - 57 Walton Way CURRARON... 
  *D25/464251 Report - Statement of Environmental Effects -... 
  *D25/464238 Letter - Cover Letter - V2 - Uploaded 20/10/2... 
  *D25/499789 Revised Plans - 24-10-2024 - 57 Walton Way Cu... 
MA25/1347/5 Inspections - C Williamson - PAN-581456 - 57 ...
MA25/1347/4 Assessment - C Williamson - PAN-581456 - 57 W...
MA25/1347/6 Determination - C Williamson - PAN-581456 - 5...
  *D25/518637 Consolidated Consent - 57 Walton Way CURRARO... 
  *D25/518676 Approved - Plans - 57 Walton Way CURRARONG -... 
MA25/1347/3 Referrals - C Williamson - PAN-581456 - 57 Wa...
MA25/1347/2 Notification / Submissions - C Williamson - P...
MA25/1347/7 Post Determination - C Williamson - PAN-58145...
MA25/1347/8 Connected Documents - C Williamson - PAN-5814...",Not required
DA25/2294,https://www3.shoalhaven.nsw.gov.au/masterviewUI/modules/ApplicationMaster/default.aspx?page=wrapper&key=735846&propkey=34240, Dual occupancy (detached), 21/10/2025,Approved on 17/12/2025,Development Application,"108 Pitt St, NORTH NOWRA",Structcorp Pty Ltd,"['Actioned|Description|Date Sent|Date Due|Date Rec.|Status', '14/10/2025|Development Application Received|2025-10-14||2025-10-14|Past']",$3090.48,"DA25/2294/2 Notification / Submissions - Structcorp Pty L...
DA25/2294/1 Application - Structcorp Pty Ltd - PAN-580828...
  *D25/466709 Certificate - NatHERS Dwelling 01 - 108 Pitt ... 
  *D25/466712 Certificate - NatHERS - 108 Pitt Street NORTH... 
  *D25/466710 Certificate - NatHERS Dwelling 02 - 108 Pitt ... 
  *D25/466711 Certificate - BASIX - 108 Pitt Street NORTH N... 
  *D25/466730 Plans - Notification - 108 Pitt Street NORTH ... 
  *D25/466727 Plans - Landscape - 108 Pitt Street NORTH NOW... 
  *D25/466726 Plans - Site - 108 Pitt Street NORTH NOWRA NS... 
  *D25/466737 Report - Bushfire Assessment - V2 - Uploaded ... 
  *D25/466732 Report - Statement of Environmental Effects -... 
  *D25/466721 Forms - Waste Management - V2 - Uploaded 17/1... 
  *D25/466733 Report - Biodiversity Offset Scheme - 108 Pit... 
DA25/2294 Structcorp Pty Ltd - PAN-580828 - 108 Pitt St...
DA25/2294/4 Assessment - Structcorp Pty Ltd - PAN-580828 ...
DA25/2294/8 Connected Documents - Structcorp Pty Ltd - PA...
DA25/2294/3 Referrals - Structcorp Pty Ltd - PAN-580828 -...
DA25/2294/7 Post Determination - Structcorp Pty Ltd - PAN...
DA25/2294/5 Inspections - Structcorp Pty Ltd - PAN-580828...
DA25/2294/6 Determination - Structcorp Pty Ltd - PAN-5808...
  *D25/591285 Notice of Determination - 108 Pitt Street NOR... 
  *D25/591582 Approved Plans (public view) - 108 Pitt Stree... ",Not required
DA25/2297,https://www3.shoalhaven.nsw.gov.au/masterviewUI/modules/ApplicationMaster/default.aspx?page=wrapper&key=735914&propkey=1004276, Single Storey Dwelling House, 21/10/2025,Approved on 13/11/2025,Development Application,"37 Wirraway Bvd, BADAGARANG",White Sands Pty Ltd,"['Actioned|Description|Date Sent|Date Due|Date Rec.|Status', '14/10/2025|Development Application Received|2025-10-14||2025-10-14|Past']",$2580,"DA25/2297/4 Assessment - White Sands Pty Ltd - PAN-581123...
DA25/2297/1 Application - White Sands Pty Ltd - PAN-58112...
  *D25/467112 Plans - Site - 37 Wirraway Boulevard BADAGARA... 
  *D25/467104 Certificate - BASIX - 37 Wirraway Boulevard B... 
  *D25/467103 Certificate - NatHERS - 37 Wirraway Boulevar... 
  *D25/467117 Report - Statement of Environmental Effects -... 
  *D25/467118 Report - Biodiversity Offset Scheme - 37 Wirr... 
  *D25/467116 Plans - Notification - 37 Wirraway Boulevard... 
  *D25/467114 Plans - Schedule of Colours Materials and Fin... 
  *D25/467109 Forms - Waste Management - V2 - Uploaded 20/1... 
DA25/2297/3 Referrals - White Sands Pty Ltd - PAN-581123 ...
DA25/2297/2 Notification / Submissions - White Sands Pty ...
DA25/2297 White Sands Pty Ltd - PAN-581123 - 37 Wirrawa...
DA25/2297/5 Inspections - White Sands Pty Ltd - PAN-58112...
DA25/2297/7 Post Determination - White Sands Pty Ltd - PA...
DA25/2297/8 Connected Documents - White Sands Pty Ltd - P...
DA25/2297/6 Determination - White Sands Pty Ltd - PAN-581...
  + D25/552830 Water Development Notice - DA25 2297 - N1 
  *D25/536224 Notice of Determination - 37 Wirraway Boulev... 
  *D25/536283 Approved Plans (public) - 37 Wirraway Bouleva... ",Not required
DA25/2299,https://www3.shoalhaven.nsw.gov.au/masterviewUI/modules/ApplicationMaster/default.aspx?page=wrapper&key=735928&propkey=98588, Commercial business identification signage, 21/10/2025,UnderAss,Development Application,"242 Princes Hwy, BOMADERRY",Chunfu Cai,"['Actioned|Description|Date Sent|Date Due|Date Rec.|Status', '14/10/2025|Development Application Received|2025-10-14||2025-10-14|Past']",$716,"DA25/2299 C Cai - PAN-581182 - 242 Princes Highway BOMA...
DA25/2299/1 Application - C Cai - PAN-581182 - 242 Prince...
  *D25/466251 Plans - Colours and Materials Schedule - 242 ... 
  *D25/466249 Plans - Site - 242 Princes Highway BOMADERRY... 
  *D25/466250 Plans - Elevations and Sections - 242 Princes... 
  *D25/466253 Report - Biodiversity Offset Scheme - 242 Pri... 
  *D25/466256 Report - Statement of Environmental Effects -... 
  *D25/466246 Forms - Waste Management - V4 - Uploaded 21/1... 
DA25/2299/3 Referrals - C Cai - PAN-581182 - 242 Princes ...
DA25/2299/8 Connected Documents - C Cai - PAN-581182 - 24...
DA25/2299/2 Notification / Submissions - C Cai - PAN-5811...
DA25/2299/5 Inspections - C Cai - PAN-581182 - 242 Prince...
DA25/2299/4 Assessment - C Cai - PAN-581182 - 242 Princes...
DA25/2299/7 Post Determination - C Cai - PAN-581182 - 242...
DA25/2299/6 Determination - C Cai - PAN-581182 - 242 Prin...",Not required
DA25/2317,https://www3.shoalhaven.nsw.gov.au/masterviewUI/modules/ApplicationMaster/default.aspx?page=wrapper&key=736287&propkey=120347, Dual occupancy (detached) on proposed Lot 19 in Lot 115 DP 1228280 (SF 10658), 21/10/2025,AwaitInfo,Development Application,"Maisie Williams Dr, MOLLYMOOK",Kirsty Chant,"['Actioned|Description|Date Sent|Date Due|Date Rec.|Status', '17/10/2025|Development Application Received|2025-10-17||2025-10-17|Past']",$4914.36,"DA25/2317/2 Notification / Submissions - K Chant - PAN-58...
DA25/2317/6 Determination - K Chant - PAN-582363 - Maisie...
DA25/2317/3 Referrals - K Chant - PAN-582363 - Maisie Wil...
  *D25/513576 Internal Referral - Development Engineer - DA... 
DA25/2317/5 Inspections - K Chant - PAN-582363 - Maisie W...
DA25/2317/1 Application - K Chant - PAN-582363 - Maisie W...
  *D25/467019 Certificate - NatHERS - Dwelling 2 - Maisie W... 
  *D25/467024 Certificate - NatHERS - Dwelling 1 - Maisie W... 
  *D25/467028 Certificate - NatHERS - Maisie Williams Drive... 
  *D25/467026 Certificate - BASIX - Maisie Williams Drive M... 
  *D25/467050 Plans - Notification - Maisie Williams Drive ... 
  *D25/467052 Report - Statement of Environmental Effects -... 
  *D25/467042 Plans - Landscape - Maisie Williams Drive MOL... 
  *D25/467053 Report - Bushfire Assessment - Maisie William... 
  *D25/467048 Plans - Site - Maisie Williams Drive MOLLYMO... 
  *D25/467051 Report - Biodiversity Offset Scheme - V2 - Up... 
  *D25/467032 Forms - Waste Management - V2 - Uploaded 21/1... 
DA25/2317 K Chant - PAN-582363 - Maisie Williams Drive ...
DA25/2317/4 Assessment - K Chant - PAN-582363 - Maisie Wi...
DA25/2317/7 Post Determination - K Chant - PAN-582363 - M...
DA25/2317/8 Connected Documents - K Chant - PAN-582363 - ...",Not required
DA25/2319,https://www3.shoalhaven.nsw.gov.au/masterviewUI/modules/ApplicationMaster/default.aspx?page=wrapper&key=736382&propkey=118571, Use of manufactured home as a dwelling house. proposed rainwater tank and use of existing rainwater tank, 21/10/2025,AwaitInfo,Development Application,"45A Murramarang Rd, BAWLEY POINT",Camilla Rocks,"['Actioned|Description|Date Sent|Date Due|Date Rec.|Status', '20/10/2025|Development Application Received|2025-10-20||2025-10-20|Past']",$3044.56,"DA25/2319 C Rocks - PAN-582733 - 45A Murramarang Road B...
DA25/2319/1 Application - C Rocks - PAN-582733 - 45A Murr...
  *D25/476848 Forms - Waste Management - 45A Murramarang R... 
  *D25/476914 Report - Bushfire Assessment - 45A Murramaran... 
  *D25/476900 Report - Biodiversity Offsets Scheme - 45A Mu... 
  *D25/476882 Plans - Notification - 45A Murramarang Road B... 
  *D25/476921 Report - Statement of Environmental Effects -... 
  *D25/476887 Plans - Site - 45A Murramarang Road BAWLEY PO... 
  *D25/476906 Report - Wastewater Assessment - 45A Murramar... 
DA25/2319/2 Notification / Submissions - C Rocks - PAN-58...
DA25/2319/3 Referrals - C Rocks - PAN-582733 - 45A Murram...
DA25/2319/4 Assessment - C Rocks - PAN-582733 - 45A Murra...
DA25/2319/5 Inspections - C Rocks - PAN-582733 - 45A Murr...
DA25/2319/6 Determination - C Rocks - PAN-582733 - 45A Mu...
DA25/2319/7 Post Determination - C Rocks - PAN-582733 - 4...
DA25/2319/8 Connected Documents - C Rocks - PAN-582733 - ...",Not required
MA25/1349,https://www3.shoalhaven.nsw.gov.au/masterviewUI/modules/ApplicationMaster/default.aspx?page=wrapper&key=736161&propkey=1005021, S4.55(1A) to DA24/1732 - amendments to conditions to ensure consistency with SSD 3846, 21/10/2025,UnderAss,Modification Application,"Culburra Rd, CULBURRA BEACH",Allen Price Pty Ltd,"['Actioned|Description|Date Sent|Date Due|Date Rec.|Status', '16/10/2025|Modification Application Received|2025-10-16||2025-10-16|Past']",$1246.08,"MA25/1349/8 Connected Documents - Allen Price Pty Ltd - P...
MA25/1349/2 Notification / Submissions - Allen Price Pty ...
MA25/1349/7 Post Determination - Allen Price Pty Ltd - PA...
MA25/1349/3 Referrals - Allen Price Pty Ltd - PAN-581845 ...
  *D25/511795 Internal Referral - Biodiversity - MA2025/134... 
MA25/1349/6 Determination - Allen Price Pty Ltd - PAN-581...
MA25/1349/1 Application - Allen Price Pty Ltd - PAN-58184...
  *D25/466579 Report - Draft Vegetation Management Plan - C... 
  *D25/466583 Report - Draft Construction Environmental Man... 
  *D25/466586 Report - Staging - Culburra Road CULBURRA BE... 
  *D25/466577 Letter - Planning Submission Cover Letter - ... 
MA25/1349/5 Inspections - Allen Price Pty Ltd - PAN-58184...
MA25/1349 Allen Price Pty Ltd - PAN-581845 - Culburra R...
MA25/1349/4 Assessment - Allen Price Pty Ltd - PAN-581845...",Not required
DA25/2313,https://www3.shoalhaven.nsw.gov.au/masterviewUI/modules/ApplicationMaster/default.aspx?page=wrapper&key=736209&propkey=88408, Partial demolition and replacement retaining wall works, 22/10/2025,Approved on 17/11/2025,Development Application,"40 Junction St, NOWRA",Nowra Bowling & Recreation Club Ltd,"['Actioned|Description|Date Sent|Date Due|Date Rec.|Status', '17/10/2025|Development Application Received|2025-10-17||2025-10-17|Past']",$1617,"DA25/2313 Nowra Bowling & Recreation Club Ltd - PAN-581...
DA25/2313/1 Application - Nowra Bowling & Recreation Club...
  *D25/475500 Forms - Waste Management - 40 Junction Stree... 
  *D25/475555 Report - Structural Engineering - 40 Junction... 
  *D25/475549 Report - Biodiversity Offset Scheme - 40 Junc... 
  *D25/475543 Report - Statement of Environmental Effects -... 
  *D25/475526 Plans - Site - 40 Junction Street NOWRA NSW 2... 
DA25/2313/6 Determination - Nowra Bowling & Recreation Cl...
  *D25/541195 Notice of Determination - DA2025 2313 - 40 J... 
  *D25/541201 approved plans - retaining wall - nowra bowli... 
  *D25/541213 approved SEE - nowra bowling club - 40 Juncti... 
  *D25/541217 approved WMP - nowra bowling club - 40 Juncti... 
DA25/2313/5 Inspections - Nowra Bowling & Recreation Club...
DA25/2313/7 Post Determination - Nowra Bowling & Recreati...
DA25/2313/2 Notification / Submissions - Nowra Bowling & ...
DA25/2313/4 Assessment - Nowra Bowling & Recreation Club ...
DA25/2313/8 Connected Documents - Nowra Bowling & Recreat...
DA25/2313/3 Referrals - Nowra Bowling & Recreation Club L...",Not required
DA25/2318,https://www3.shoalhaven.nsw.gov.au/masterviewUI/modules/ApplicationMaster/default.aspx?page=wrapper&key=736352&propkey=13374," Dwelling house, swimming pool and tree removal", 22/10/2025,Approved on 20/11/2025,Development Application,"45 Elizabeth Dr, VINCENTIA",Hotondo South Coast Pty Ltd,"['Actioned|Description|Date Sent|Date Due|Date Rec.|Status', '20/10/2025|Development Application Received|2025-10-20||2025-10-20|Past']",$3492.28,"DA25/2318 Hotondo South Coast Pty Ltd - PAN-582657 - 45...
DA25/2318/3 Referrals - Hotondo South Coast Pty Ltd - PAN...
DA25/2318/8 Connected Documents - Hotondo South Coast Pty...
DA25/2318/2 Notification / Submissions - Hotondo South Co...
DA25/2318/7 Post Determination - Hotondo South Coast Pty ...
DA25/2318/5 Inspections - Hotondo South Coast Pty Ltd - P...
DA25/2318/1 Application - Hotondo South Coast Pty Ltd - P...
  *D25/477704 Forms - Waste Management - V2 - Uploaded 21/1... 
  *D25/477687 Certificate - BASIX - 45 Elizabeth Drive VINC... 
  *D25/477756 Report - Biodiversity Offset Scheme - 45 Eliz... 
  *D25/477748 Report - Statement of Environmental Effects -... 
  *D25/477731 Plans - Demolition - 45 Elizabeth Drive VINCE... 
  *D25/477735 Plans - Site - 45 Elizabeth Drive VINCENTIA N... 
  *D25/477744 Plans - Notification - 45 Elizabeth Drive VI... 
DA25/2318/4 Assessment - Hotondo South Coast Pty Ltd - PA...
DA25/2318/6 Determination - Hotondo South Coast Pty Ltd -...
  + D25/544482 Water Development Notice - DA25 2318 - N1 
  *D25/540694 approved Plans 45 Elizabeth Dr Vincentia 
  *D25/540698 approved colour schedule 45 Elizabeth Dr Vinc... 
  *D25/548169 Notice of Determination - Approval - 45 Eliza... ",Not required
DA25/2322,https://www3.shoalhaven.nsw.gov.au/masterviewUI/modules/ApplicationMaster/default.aspx?page=wrapper&key=736418&propkey=22080, Convert Existing Shed to a Second Dwelling to create a Dual Occupancy (Detached). Demolition of an Existing Shed & Construction of a New Garden Shed., 22/10/2025,Approved on 17/12/2025,Development Application,"17 Crookhaven Pde, CURRARONG",Carly Gibson,"['Actioned|Description|Date Sent|Date Due|Date Rec.|Status', '20/10/2025|Development Application Received|2025-10-20||2025-10-20|Past']",$1351.88,"DA25/2322/4 Assessment - C Gibson - PAN-573695 - 17 Crook...
DA25/2322 C Gibson - PAN-573695 - 17 Crookhaven Parade ...
DA25/2322/3 Referrals - C Gibson - PAN-573695 - 17 Crookh...
DA25/2322/2 Notification / Submissions - C Gibson - PAN-5...
DA25/2322/6 Determination - C Gibson - PAN-573695 - 17 Cr...
  *D25/553160 Approved Plans - Architectural - 17 Crookhave... 
  *D25/553170 Approved Reports - Bushfire - 17 Crookhaven ... 
  *D25/590130 Determination - Approval - 17 Crookhaven Pde ... 
  *D25/590289 Approved Reports - BASIX Certificate - 17 Cro... 
DA25/2322/1 Application - C Gibson - PAN-573695 - 17 Croo...
  *D25/478502 Forms - Water Management Plan - 17 Crookhaven... 
  *D25/478512 Report - NatHERS - 17 Crookhaven Parade CURRA... 
  *D25/478515 Report - Biodiversity Offset Scheme - 17 Croo... 
  *D25/478514 Report - Statement of Environmental Effects -... 
  *D25/478517 Report - Bushfire Assessment - 17 Crookhaven ... 
  *D25/478508 Plans - Notification - 17 Crookhaven Parade C... 
  *D25/478498 Certificate - BASIX - 17 Crookhaven Parade C... 
  *D25/478509 Plans - Site - 17 Crookhaven Parade CURRARONG... 
DA25/2322/5 Inspections - C Gibson - PAN-573695 - 17 Croo...
DA25/2322/8 Connected Documents - C Gibson - PAN-573695 -...
DA25/2322/7 Post Determination - C Gibson - PAN-573695 - ...",Not required
DA25/2324,https://www3.shoalhaven.nsw.gov.au/masterviewUI/modules/ApplicationMaster/default.aspx?page=wrapper&key=736426&propkey=86101, Demolition of dwelling and construction of a single storey dwelling house, 22/10/2025,Approved on 01/12/2025,Development Application,"84 Cedarvale Lane (Priv), JASPERS BRUSH",Garsh Developments Pty Ltd,"['Actioned|Description|Date Sent|Date Due|Date Rec.|Status', '21/10/2025|Development Application Received|2025-10-21||2025-10-21|Past']",$4678,"DA25/2324/2 Notification / Submissions - Garsh Developmen...
DA25/2324 Garsh Developments Pty Ltd - PAN-582987 - 84 ...
DA25/2324/1 Application - Garsh Developments Pty Ltd - PA...
  *D25/493620 Forms - Waste Management - 84 Cedarvale Lane... 
  *D25/493613 Certificate - BASIX - 84 Cedarvale Lane (Priv... 
  *D25/493617 Certificate - NatHERS Certificate - 84 Cedarv... 
  *D25/493664 Report - Bushfire Assessment - 84 Cedarvale L... 
  *D25/493668 Report - Statement of Environmental Effects ... 
  *D25/493671 Report - Biodiversity Offset Scheme - 84 Ceda... 
  *D25/493651 Plans - Notification - V2 - Uploaded 22/10/25... 
  *D25/493654 Plans - Site - 84 Cedarvale Lane (Priv) JASP... 
DA25/2324/4 Assessment - Garsh Developments Pty Ltd - PAN...
DA25/2324/8 Connected Documents - Garsh Developments Pty ...
DA25/2324/5 Inspections - Garsh Developments Pty Ltd - PA...
DA25/2324/6 Determination - Garsh Developments Pty Ltd - ...
  *D25/560958 Notice of Determination - - 84 Cedarvale Lane... 
  *D25/560965 Approved Plans (public) - 84 Cedarvale Lane (... 
DA25/2324/7 Post Determination - Garsh Developments Pty L...
DA25/2324/3 Referrals - Garsh Developments Pty Ltd - PAN-...",Not required
MA25/1346,https://www3.shoalhaven.nsw.gov.au/masterviewUI/modules/ApplicationMaster/default.aspx?page=wrapper&key=735893&propkey=1000136, S4.55(1) to DA13/2303 - Modify condition 21(a) to increase the number of days from 28 to 52 as per MA2025/1023., 22/10/2025,Approved on 27/10/2025,Modification Application,"660 Comerong Island Rd, NUMBAA",Allen Price Pty Ltd,"['Actioned|Description|Date Sent|Date Due|Date Rec.|Status', '14/10/2025|Modification Application Received|2025-10-14||2025-10-14|Past']",Not required,"MA25/1346/2 Notification / Submissions - Allen Price Pty ...
MA25/1346/1 Application - Allen Price Pty Ltd - PAN-58104...
  *D25/467216 Letter - Cover Letter - 660 Comerong Island R... 
  *D25/467218 Report - Building code of Australia - 660 Com... 
MA25/1346 Allen Price Pty Ltd - PAN-581042 - 660 Comero...
MA25/1346/6 Determination - Allen Price Pty Ltd - PAN-581...
  *D25/508630 Consolidated Consent - MA2025 1346 Approval -... 
MA25/1346/5 Inspections - Allen Price Pty Ltd - PAN-58104...
MA25/1346/4 Assessment - Allen Price Pty Ltd - PAN-581042...
MA25/1346/3 Referrals - Allen Price Pty Ltd - PAN-581042 ...
MA25/1346/7 Post Determination - Allen Price Pty Ltd - PA...
MA25/1346/8 Connected Documents - Allen Price Pty Ltd - P...",Not required
DA25/2305,https://www3.shoalhaven.nsw.gov.au/masterviewUI/modules/ApplicationMaster/default.aspx?page=wrapper&key=736109&propkey=27040, Continued use of a detached habitable room, 23/10/2025,UnderAss,Development Application,"8 Livingstone St, DURRAS NORTH",Vicki Stevens,"['Actioned|Description|Date Sent|Date Due|Date Rec.|Status', '16/10/2025|Development Application Received|2025-10-16||2025-10-16|Past']",$854,"DA25/2305/2 Notification / Submissions - V Stevens - PAN-...
DA25/2305/1 Application - V Stevens - PAN-581642 - 8 Livi...
  *D25/503577 Report - Bushfire Assessment - 8 Livingstone ... 
  *D25/503539 Forms - Waste Management - 8 Livingstone Str... 
  *D25/503564 Report - Statement of Environmental Effects -... 
  *D25/503515 Certificate - BASIX - V2 - Uploaded 20/10/25 ... 
  *D25/503552 Plans - Site - V2 - Uploaded 21/10/25 - 8 Liv... 
  *D25/503561 Plans - Notification - 8 Livingstone Street ... 
DA25/2305 V Stevens - PAN-581642 - 8 Livingstone Street...
DA25/2305/4 Assessment - V Stevens - PAN-581642 - 8 Livin...
DA25/2305/8 Connected Documents - V Stevens - PAN-581642 ...
DA25/2305/5 Inspections - V Stevens - PAN-581642 - 8 Livi...
DA25/2305/6 Determination - V Stevens - PAN-581642 - 8 Li...
DA25/2305/3 Referrals - V Stevens - PAN-581642 - 8 Living...
DA25/2305/7 Post Determination - V Stevens - PAN-581642 -...",Not required
DA25/2311,https://www3.shoalhaven.nsw.gov.au/masterviewUI/modules/ApplicationMaster/default.aspx?page=wrapper&key=736190&propkey=45401, Continued Use of addition to existing shed and conversion to detached habitable room. Continued use of pergola area., 23/10/2025,Deferred on 05/12/2025,Development Application,"861 Sussex Inlet Rd, SUSSEX INLET",Mark Purdie,"['Actioned|Description|Date Sent|Date Due|Date Rec.|Status', '16/10/2025|Development Application Received|2025-10-16||2025-10-16|Past']",$622,"DA25/2311/3 Referrals - M Purdie - PAN-582010 - 861 Susse...
DA25/2311/2 Notification / Submissions - M Purdie - PAN-5...
DA25/2311/1 Application - M Purdie - PAN-582010 - 861 Sus...
  *D25/494488 Report - Biodiversity Offsets Scheme - 861 Su... 
  *D25/494421 Certificate - BASIX - 861 Sussex Inlet Road ... 
  *D25/494430 Forms - Waste Management - 861 Sussex Inlet ... 
  *D25/494477 Report - Statement of Environmental Effects -... 
  *D25/494454 Plans - Site - 861 Sussex Inlet Road SUSSEX ... 
  *D25/494482 Report - Bushfire Assessment - V2 - Uploaded ... 
  *D25/494450 Plans - Wastewater Site and Soil Assessment -... 
  *D25/494442 Plans - Notification - 861 Sussex Inlet Road ... 
DA25/2311 M Purdie - PAN-582010 - 861 Sussex Inlet Road...
DA25/2311/8 Connected Documents - M Purdie - PAN-582010 -...
DA25/2311/6 Determination - M Purdie - PAN-582010 - 861 S...
  *D25/571278 Notice of Determination - DA2025 2311 - 861 S... 
  *D25/571308 Approved Plans (external) DA2025/2311 - 861 S... 
DA25/2311/5 Inspections - M Purdie - PAN-582010 - 861 Sus...
DA25/2311/7 Post Determination - M Purdie - PAN-582010 - ...
DA25/2311/4 Assessment - M Purdie - PAN-582010 - 861 Suss...",Not required
DA25/2316,https://www3.shoalhaven.nsw.gov.au/masterviewUI/modules/ApplicationMaster/default.aspx?page=wrapper&key=736270&propkey=74701, Construction of a dwelling house, 23/10/2025,UnderAss,Development Application,"179 Cedar Springs Rd, KANGAROO VALLEY",Allen Price Pty Ltd,"['Actioned|Description|Date Sent|Date Due|Date Rec.|Status', '17/10/2025|Development Application Received|2025-10-17||2025-10-17|Past']",$7066.96,"DA25/2316 Allen Price Pty Ltd - PAN-582276 - 179 Cedar ...
DA25/2316/4 Assessment - Allen Price Pty Ltd - PAN-582276...
DA25/2316/2 Notification / Submissions - Allen Price Pty ...
DA25/2316/1 Application - Allen Price Pty Ltd - PAN-58227...
  *D25/492839 Report - Geotechnical Assessment - 179 Cedar... 
  *D25/492812 Plans - Bushfire Assessment - 179 Cedar Sprin... 
  *D25/550904 Reports - Amended Waste Management Plan - 179... 
  *D25/492841 Report - Biodiversity Offsets Scheme - 179 Ce... 
  *D25/492745 Certificate - BASIX - V2 - Uploaded 21/10/25 ... 
  *D25/492741 Certificate - NatHERS - V2 - Uploaded 21/10/2... 
  *D25/492836 Report - Statement of Environmental Effects -... 
  *D25/492828 Plans - Wastewater Management - 179 Cedar Spr... 
  *D25/550907 Plans - Amended Site Plan - 179 Cedar Springs... 
  *D25/550909 Plans - Amended Notification Set - 179 Cedar ... 
  *D25/552824 Plans - Amended Landscape Plan - 179 Cedar Sp... 
DA25/2316/7 Post Determination - Allen Price Pty Ltd - PA...
DA25/2316/6 Determination - Allen Price Pty Ltd - PAN-582...
DA25/2316/8 Connected Documents - Allen Price Pty Ltd - P...
DA25/2316/5 Inspections - Allen Price Pty Ltd - PAN-58227...
DA25/2316/3 Referrals - Allen Price Pty Ltd - PAN-582276 ...
  *D25/555115 Referral Response - Endeavour Energy - 179 Ce... 
  *D25/561192 Referral Response - NSW Crown Lands - No Obje... ",Not required
DA25/2323,https://www3.shoalhaven.nsw.gov.au/masterviewUI/modules/ApplicationMaster/default.aspx?page=wrapper&key=736422&propkey=13657, Alterations and additions to two storey dwelling house, 23/10/2025,Approved on 19/12/2025,Development Application,"29 Miller St, VINCENTIA",Hylton Ward,"['Actioned|Description|Date Sent|Date Due|Date Rec.|Status', '21/10/2025|Development Application Received|2025-10-21||2025-10-21|Past']",$1370.08,"DA25/2323 H Ward - PAN-582965 - 29 Miller Street VINCEN...
DA25/2323/1 Application - H Ward - PAN-582965 - 29 Miller...
  *D25/496647 Report - Biodiversity Offsets Scheme - 29 Mil... 
  *D25/496588 Certificate - BASIX - 29 Miller Street VINCEN... 
  *D25/496601 Forms - Waste Management - 29 Miller Street V... 
  *D25/496656 Report - Statement of Environmental effects -... 
  *D25/496665 Report - Aboriginal Heritage Information Mana... 
  *D25/556549 Plans - REVISED - Notification Plans - 29 Mil... 
DA25/2323/3 Referrals - H Ward - PAN-582965 - 29 Miller S...
DA25/2323/2 Notification / Submissions - H Ward - PAN-582...
DA25/2323/5 Inspections - H Ward - PAN-582965 - 29 Miller...
DA25/2323/6 Determination - H Ward - PAN-582965 - 29 Mill...
  *D25/591082 APPROVED - Plan - Stormwater Drainage Concept... 
  *D25/591084 APPROVED - Certificate - BASIX - 29 Miller St... 
  *D25/591085 APPROVED - Forms - Waste Management - 29 Mill... 
  *D25/595824 APPROVED - Plans - Architectural Plans - 29 M... 
  *D25/595835 APPROVED - Notice of Determination - Alterati... 
DA25/2323/4 Assessment - H Ward - PAN-582965 - 29 Miller ...
DA25/2323/7 Post Determination - H Ward - PAN-582965 - 29...
DA25/2323/8 Connected Documents - H Ward - PAN-582965 - 2...",Not required
DA25/2326,https://www3.shoalhaven.nsw.gov.au/masterviewUI/modules/ApplicationMaster/default.aspx?page=wrapper&key=736467&propkey=34229, Detached Garage and Habitable Studio, 23/10/2025,Approved on 01/12/2025,Development Application,"76 Pitt St, NORTH NOWRA",Hotondo South Coast Pty Ltd,"['Actioned|Description|Date Sent|Date Due|Date Rec.|Status', '21/10/2025|Development Application Received|2025-10-21||2025-10-21|Past']",$836,"DA25/2326 Hotondo South Coast Pty Ltd - PAN-583127 - 76...
DA25/2326/1 Application - Hotondo South Coast Pty Ltd - P...
  *D25/495680 Forms - Waste Management - 76 Pitt Street NOR... 
  *D25/495719 Report - Biodiversity Offsets Scheme - 76 Pit... 
  *D25/495724 Report - Statement of Environmental Effects -... 
  *D25/495710 Plans - Colour Schedule - V2 - Uploaded 23/10... 
  *D25/495715 Plans - Notification - 76 Pitt Street NORTH ... 
DA25/2326/4 Assessment - Hotondo South Coast Pty Ltd - PA...
DA25/2326/3 Referrals - Hotondo South Coast Pty Ltd - PAN...
DA25/2326/7 Post Determination - Hotondo South Coast Pty ...
DA25/2326/6 Determination - Hotondo South Coast Pty Ltd -...
  *D25/560938 Notice of Determination - 76 Pitt Street NORT... 
  *D25/560945 Approved Plans (public) - 76 Pitt Street NORT... 
DA25/2326/2 Notification / Submissions - Hotondo South Co...
DA25/2326/8 Connected Documents - Hotondo South Coast Pty...
DA25/2326/5 Inspections - Hotondo South Coast Pty Ltd - P...",Not required
DA25/2340,https://www3.shoalhaven.nsw.gov.au/masterviewUI/modules/ApplicationMaster/default.aspx?page=wrapper&key=736619&propkey=28971, Alterations and additions to dwelling house, 23/10/2025,Approved on 24/11/2025,Development Application,"45 Catherine St, MYOLA",Garsh Developments Pty Ltd,"['Actioned|Description|Date Sent|Date Due|Date Rec.|Status', '22/10/2025|Development Application Received|2025-10-22||2025-10-22|Past']",$1428.32,"DA25/2340/2 Notification / Submissions - Garsh Developmen...
  *D25/537920 Submission - Attachment - tree issue branch s... 
  *D25/537924 Submission - Attachment - Balcony looking int... 
  *D25/537927 Submission - Attachment - No guttering - Ms L... 
  *D25/538183 Submission - Ms Lorraine Ratcliffe - PUBLIC -... 
  *D25/538203 Submission - Attachment - Letter (Redacted) -... 
DA25/2340/1 Application - Garsh Developments Pty Ltd - PA...
  *D25/504468 Forms - Waste Management - 45 Catherine Stree... 
  *D25/504460 Certificate - BASIX - 45 Catherine Street MYO... 
  *D25/504510 Report - Biodiversity Offsets Scheme - 45 Cat... 
  *D25/504514 Report - Statement of Enviromental Effects - ... 
  *D25/504505 Plans - Notification - 45 Catherine Street M... 
  *D25/504497 Plans - Site - 45 Catherine Street MYOLA NSW... 
  *D25/532814 Plans - Revised Notification Plans - DA25/234... 
DA25/2340 Garsh Developments Pty Ltd - PAN-583646 - 45 ...
DA25/2340/8 Connected Documents - Garsh Developments Pty ...
DA25/2340/5 Inspections - Garsh Developments Pty Ltd - PA...
DA25/2340/4 Assessment - Garsh Developments Pty Ltd - PAN...
DA25/2340/7 Post Determination - Garsh Developments Pty L...
DA25/2340/6 Determination - Garsh Developments Pty Ltd - ...
  *D25/550700 Notice of Determination - Approval - DA2025/2... 
  *D25/551444 Approved Document - BASIX Certificate - DA202... 
  *D25/551452 Approved Plans - External - DA2025/2340 - 45 ... 
DA25/2340/3 Referrals - Garsh Developments Pty Ltd - PAN-...",Not required
MA25/1351,https://www3.shoalhaven.nsw.gov.au/masterviewUI/modules/ApplicationMaster/default.aspx?page=wrapper&key=736255&propkey=42409, S4.55(1A) to DA14/2369 - Amend Condition 20, 23/10/2025,AwaitInfo,Modification Application,"82 Hillcrest Av, SOUTH NOWRA",Allen Price Pty Ltd,"['Actioned|Description|Date Sent|Date Due|Date Rec.|Status', '17/10/2025|Modification Application Received|2025-10-17||2025-10-17|Past']",$914,"MA25/1351 Allen Price Pty Ltd - PAN-582226 - 82 Hillcre...
MA25/1351/1 Application - Allen Price Pty Ltd - PAN-58222...
  *D25/498398 Letter - Modification Letter - 82 Hillcrest A... 
MA25/1351/2 Notification / Submissions - Allen Price Pty ...
MA25/1351/8 Connected Documents - Allen Price Pty Ltd - P...
MA25/1351/5 Inspections - Allen Price Pty Ltd - PAN-58222...
MA25/1351/4 Assessment - Allen Price Pty Ltd - PAN-582226...
MA25/1351/3 Referrals - Allen Price Pty Ltd - PAN-582226 ...
MA25/1351/7 Post Determination - Allen Price Pty Ltd - PA...
MA25/1351/6 Determination - Allen Price Pty Ltd - PAN-582...",Not required
DA25/2344,https://www3.shoalhaven.nsw.gov.au/masterviewUI/modules/ApplicationMaster/default.aspx?page=wrapper&key=736654&propkey=14404, Demolition of existing deck and stairs. New stairs and larger deck., 24/10/2025,UnderAss,Development Application,"85 Naval Pde, EROWAL BAY",Peter Paschalis,"['Actioned|Description|Date Sent|Date Due|Date Rec.|Status', '23/10/2025|Development Application Received|2025-10-23||2025-10-23|Past']",$1493.84,"DA25/2344/3 Referrals - P Paschalis - PAN-583871 - 85 Nav...
DA25/2344/7 Post Determination - P Paschalis - PAN-583871...
DA25/2344/1 Application - P Paschalis - PAN-583871 - 85 N...
  *D25/508225 Report - Biodiversity Offset Scheme - 85 Nava... 
  *D25/508201 Certificate - Flood Certificate - 85 Naval Pa... 
  *D25/508205 Forms - Waste Management - 85 Naval Parade E... 
  *D25/508223 Report - Statement of Environmental Effects -... 
  *D25/508214 Plans - Notification - V2 - Uploaded 24/10/25... 
  *D25/508215 Plans - Site - V2 - Uploaded 24/10/25 - 85 Na... 
DA25/2344/5 Inspections - P Paschalis - PAN-583871 - 85 N...
DA25/2344 P Paschalis - PAN-583871 - 85 Naval Parade ER...
DA25/2344/6 Determination - P Paschalis - PAN-583871 - 85...
DA25/2344/4 Assessment - P Paschalis - PAN-583871 - 85 Na...
DA25/2344/2 Notification / Submissions - P Paschalis - PA...
DA25/2344/8 Connected Documents - P Paschalis - PAN-58387...",Not required
MA25/1354,https://www3.shoalhaven.nsw.gov.au/masterviewUI/modules/ApplicationMaster/default.aspx?page=wrapper&key=736475&propkey=1000136, S4.55(1A) to DA13/2303 - Modify condition 3 to extend life of approval for a further 5 year period., 24/10/2025,Approved on 08/12/2025,Modification Application,"660 Comerong Island Rd, NUMBAA",Carly McGarrity,"['Actioned|Description|Date Sent|Date Due|Date Rec.|Status', '21/10/2025|Modification Application Received|2025-10-21||2025-10-21|Past']",$617,"MA25/1354/2 Notification / Submissions - C McGarrity - PA...
MA25/1354/1 Application - C McGarrity - PAN-583152 - 660 ...
  *D25/507870 Letter - Modification Cover - 660 Comerong I... 
MA25/1354 C McGarrity - PAN-583152 - 660 Comerong Islan...
MA25/1354/8 Connected Documents - C McGarrity - PAN-58315...
MA25/1354/5 Inspections - C McGarrity - PAN-583152 - 660 ...
MA25/1354/7 Post Determination - C McGarrity - PAN-583152...
MA25/1354/4 Assessment - C McGarrity - PAN-583152 - 660 C...
MA25/1354/3 Referrals - C McGarrity - PAN-583152 - 660 Co...
MA25/1354/6 Determination - C McGarrity - PAN-583152 - 66...
  *D25/572401 Consolidated Consent - MA2025 1354 Approval -... ",Not required
MA25/1355,https://www3.shoalhaven.nsw.gov.au/masterviewUI/modules/ApplicationMaster/default.aspx?page=wrapper&key=736537&propkey=3575, S4.55(2) Modification to DA2024/1760 - Amendment to design of the dwelling, 24/10/2025,Approved on 20/11/2025,Modification Application,"47 Orama Cr, ORIENT POINT",Designer Digs Pty Ltd,"['Actioned|Description|Date Sent|Date Due|Date Rec.|Status', '21/10/2025|Modification Application Received|2025-10-21||2025-10-21|Past']",$1967,"MA25/1355 Designer Digs Pty Ltd - PAN-583366 - 47 Orama...
MA25/1355/3 Referrals - Designer Digs Pty Ltd - PAN-58336...
MA25/1355/4 Assessment - Designer Digs Pty Ltd - PAN-5833...
MA25/1355/1 Application - Designer Digs Pty Ltd - PAN-583...
  *D25/507945 Forms - Waste Management - 47 Orama Crescent ... 
  *D25/507956 Plans - MOD Chapter G12 Assessment table - 4... 
  *D25/507961 Report - MOD Chapter G6 Assessment table - 4... 
  *D25/507953 Plans - External Colour Schedule - 47 Orama C... 
  *D25/507952 Letter - Modification Cover Letter - 47 Orama... 
  *D25/507955 Plans - Site - 47 Orama Crescent ORIENT POIN... 
  *D25/507957 Plans - Notification - 47 Orama Crescent ORI... 
  *D25/507937 Certificate - NatHERS Stamp - V2 - Uploaded 2... 
  *D25/507936 Certificate - BASIX - V2 - Uploaded 23/10/25 ... 
  *D25/507939 Certificate - NatHERS Certificate - V2- Uploa... 
MA25/1355/2 Notification / Submissions - Designer Digs Pt...
MA25/1355/7 Post Determination - Designer Digs Pty Ltd - ...
MA25/1355/6 Determination - Designer Digs Pty Ltd - PAN-5...
  *D25/546589 Consolidated Consent - 47 Orama Crescent ORIE... 
  *D25/546816 Approved Plans (public ) - 47 Orama Crescent ... 
MA25/1355/8 Connected Documents - Designer Digs Pty Ltd -...
MA25/1355/5 Inspections - Designer Digs Pty Ltd - PAN-583...",Not required
MA25/1357,https://www3.shoalhaven.nsw.gov.au/masterviewUI/modules/ApplicationMaster/default.aspx?page=wrapper&key=736691&propkey=42858, S4.55(1A) to SF10953 - Delete condition 25, 24/10/2025,Approved on 02/12/2025,Modification Application,"53 Woollamia Rd, FALLS CREEK",Allen Price Pty Ltd,"['Actioned|Description|Date Sent|Date Due|Date Rec.|Status', '23/10/2025|Modification Application Received|2025-10-23||2025-10-23|Past']",$274,"MA25/1357 Allen Price Pty Ltd - PAN-583982 - 53 Woollam...
MA25/1357/4 Assessment - Allen Price Pty Ltd - PAN-583982...
MA25/1357/6 Determination - Allen Price Pty Ltd - PAN-583...
  *D25/563415 Approval - Modified Consolidated Consent- 53 ... 
MA25/1357/1 Application - Allen Price Pty Ltd - PAN-58398...
  *D25/508572 Letter - Modification Letter - 53 Woollamia ... 
MA25/1357/7 Post Determination - Allen Price Pty Ltd - PA...
MA25/1357/3 Referrals - Allen Price Pty Ltd - PAN-583982 ...
MA25/1357/8 Connected Documents - Allen Price Pty Ltd - P...
MA25/1357/2 Notification / Submissions - Allen Price Pty ...
MA25/1357/5 Inspections - Allen Price Pty Ltd - PAN-58398...",Not required
DA25/2341,https://www3.shoalhaven.nsw.gov.au/masterviewUI/modules/ApplicationMaster/default.aspx?page=wrapper&key=736626&propkey=26369, Dwelling house and garage, 26/10/2025,UnderAss,Development Application,"8 Lurnea Av, BAWLEY POINT",Andrew Bell,"['Actioned|Description|Date Sent|Date Due|Date Rec.|Status', '22/10/2025|Development Application Received|2025-10-22||2025-10-22|Past']",$2501.24,"DA25/2341/2 Notification / Submissions - A Bell - PAN-583...
DA25/2341/1 Application - A Bell - PAN-583698 - 8 Lurnea ...
  *D25/508033 Forms - Waste Management - 8 Lurnea Avenue BA... 
  *D25/508050 Plans - Engineering - 8 Lurnea Avenue BAWLEY... 
  *D25/508038 Plans - Erosion and Sediment Control - 8 Lurn... 
  *D25/508051 Report - Biodiversity Offsets Scheme - 8 Lurn... 
  *D25/508042 Plans - Schedule of Colours, Materials and Fi... 
  *D25/508032 Certificate - BASIX - 8 Lurnea Avenue BAWLEY ... 
  *D25/508031 Certificate - NatHERS - 8 Lurnea Avenue BAWL... 
  *D25/508054 Report - Statement of Environmental Effects ... 
  *D25/508047 Plans - Site- V2 - Uploaded 24/10/25 - 8 Lurn... 
  *D25/508046 Plans - Notification - V2 - Uploaded 24/10/25... 
DA25/2341/6 Determination - A Bell - PAN-583698 - 8 Lurne...
DA25/2341 A Bell - PAN-583698 - 8 Lurnea Avenue BAWLEY ...
DA25/2341/5 Inspections - A Bell - PAN-583698 - 8 Lurnea ...
DA25/2341/3 Referrals - A Bell - PAN-583698 - 8 Lurnea Av...
DA25/2341/4 Assessment - A Bell - PAN-583698 - 8 Lurnea A...
DA25/2341/7 Post Determination - A Bell - PAN-583698 - 8 ...
DA25/2341/8 Connected Documents - A Bell - PAN-583698 - 8...",Not required
DA25/2327,https://www3.shoalhaven.nsw.gov.au/masterviewUI/modules/ApplicationMaster/default.aspx?page=wrapper&key=736476&propkey=116878, Single-storey dual occupancy (detached), 27/10/2025,AwaitInfo,Development Application,"19 Banool Cct, BOMADERRY",Martin Morris & Jones Pty Ltd,"['Actioned|Description|Date Sent|Date Due|Date Rec.|Status', '21/10/2025|Development Application Received|2025-10-21||2025-10-21|Past']",$3162.64,"DA25/2327/1 Application - Martin Morris & Jones Pty Ltd -...
  *D25/512777 Certificate - NatHERS - Dwelling 1 - 19 Banoo... 
  *D25/512778 Certificate - NatHERS - Dwelling 2 - 19 Banoo... 
  *D25/512776 Certificate - BASIX - Dwelling 2 - 19 Banool ... 
  *D25/512779 Certificate - BASIX - Dwelling 1 - 19 Banool ... 
  *D25/512793 Plans - Landscape - 19 Banool Circuit BOMADER... 
  *D25/512796 Report - Biodiversity Offsets Scheme - 19 Ban... 
  *D25/512782 Forms - Waste Management - 19 Banool Circuit ... 
  *D25/512789 Plans - Notification - 19 Banool Circuit BOMA... 
  *D25/512799 Report - Statement of Environmental Effects -... 
  *D25/512775 Certificate - NatHERS - Both Dwellings - 19 B... 
DA25/2327 Martin Morris & Jones Pty Ltd - PAN-582789 - ...
DA25/2327/2 Notification / Submissions - Martin Morris & ...
DA25/2327/8 Connected Documents - Martin Morris & Jones P...
DA25/2327/4 Assessment - Martin Morris & Jones Pty Ltd - ...
DA25/2327/6 Determination - Martin Morris & Jones Pty Ltd...
DA25/2327/3 Referrals - Martin Morris & Jones Pty Ltd - P...
DA25/2327/5 Inspections - Martin Morris & Jones Pty Ltd -...
DA25/2327/7 Post Determination - Martin Morris & Jones Pt...",Not required
DA25/2328,https://www3.shoalhaven.nsw.gov.au/masterviewUI/modules/ApplicationMaster/default.aspx?page=wrapper&key=736478&propkey=20290, Shed, 27/10/2025,Approved on 09/12/2025,Development Application,"16 George Av, KINGS POINT",Garsh Developments Pty Ltd,"['Actioned|Description|Date Sent|Date Due|Date Rec.|Status', '21/10/2025|Development Application Received|2025-10-21||2025-10-21|Past']",$752,"DA25/2328/5 Inspections - Garsh Developments Pty Ltd - PA...
DA25/2328/1 Application - Garsh Developments Pty Ltd - PA...
  *D25/510547 Forms - Waste Management - 16 George Avenue ... 
  *D25/510561 Report - Biodiversity Offset Scheme - 16 Geor... 
  *D25/510560 Report - Statement of Environmental Effects -... 
  *D25/510551 Plans - Notification - V3 - Uploaded 24/10/25... 
  *D25/510555 Plans - Site - 16 George Avenue KINGS POINT ... 
DA25/2328/4 Assessment - Garsh Developments Pty Ltd - PAN...
DA25/2328/3 Referrals - Garsh Developments Pty Ltd - PAN-...
DA25/2328/2 Notification / Submissions - Garsh Developmen...
DA25/2328 Garsh Developments Pty Ltd - PAN-583163 - 16 ...
DA25/2328/6 Determination - Garsh Developments Pty Ltd - ...
  *D25/574272 Appoved Plans (combined) 16 George Avenue KIN... 
  *D25/574265 Notice of Determination - DA2025 2328 - 16 Ge... 
DA25/2328/7 Post Determination - Garsh Developments Pty L...
DA25/2328/8 Connected Documents - Garsh Developments Pty ...",Not required
DA25/2336,https://www3.shoalhaven.nsw.gov.au/masterviewUI/modules/ApplicationMaster/default.aspx?page=wrapper&key=736561&propkey=20556, Two storey dwelling house, 27/10/2025,AwaitInfo,Development Application,"14 Highview Dr, DOLPHIN POINT",Masterton Homes,"['Actioned|Description|Date Sent|Date Due|Date Rec.|Status', '22/10/2025|Development Application Received|2025-10-22||2025-10-22|Past']",$3534.92,"DA25/2336 M Homes - PAN-583466 - 14 Highview Drive DOLP...
DA25/2336/7 Post Determination - M Homes - PAN-583466 - 1...
DA25/2336/3 Referrals - M Homes - PAN-583466 - 14 Highvie...
DA25/2336/2 Notification / Submissions - M Homes - PAN-58...
  *D25/544297 Submission - Attachment - Faganello, Denis - ... 
  *D25/544299 Submission - Attachment - Faganello, Denis - ... 
  *D25/544301 Submission - Attachment - Faganello, Denis - ... 
  *D25/545496 Submission - Attachment - Mr Denis Faganello ... 
DA25/2336/5 Inspections - M Homes - PAN-583466 - 14 Highv...
DA25/2336/6 Determination - M Homes - PAN-583466 - 14 Hig...
DA25/2336/1 Application - M Homes - PAN-583466 - 14 Highv...
  *D25/510643 Certificate - NatHERS - 14 Highview Drive DOL... 
  *D25/510702 Report - Biodiversity Offset Scheme - 14 High... 
  *D25/510708 Report - Statement of Environmental Effects -... 
  *D25/510663 Plans - Schedule of Colours, Materials and Fi... 
  *D25/510641 Certificate - BASIX - 14 Highview Drive DOLPH... 
  *D25/510658 Plans - Elevations - 14 Highview Drive DOLPHI... 
  *D25/510667 Plans - Sections - 14 Highview Drive DOLPHIN ... 
  *D25/510659 Plans - Perspectives View - 14 Highview Drive... 
  *D25/510660 Plans - Erosion and Sediment Control - 14 Hig... 
  *D25/510655 Plans - Landscape - 14 Highview Drive DOLPHIN... 
  *D25/510686 Plans - Shadow Diagrams - 14 Highview Drive D... 
  *D25/510682 Plans - Site - V2 - Uploaded 27/10/25 - 14 Hi... 
  *D25/510645 Forms - Waste Management - 14 Highview Drive... 
  *D25/510699 Plans - Notification - V3 - Uploaded 27/10/25... 
DA25/2336/4 Assessment - M Homes - PAN-583466 - 14 Highvi...
DA25/2336/8 Connected Documents - M Homes - PAN-583466 - ...",Not required
DA25/2346,https://www3.shoalhaven.nsw.gov.au/masterviewUI/modules/ApplicationMaster/default.aspx?page=wrapper&key=736682&propkey=96882, Demolition of existing structures and driveway. Construction of new single storey dwelling house and driveway., 27/10/2025,UnderAss,Development Application,"20 Greenbank Gr, CULBURRA BEACH",Hotondo South Coast Pty Ltd,"['Actioned|Description|Date Sent|Date Due|Date Rec.|Status', '23/10/2025|Development Application Received|2025-10-23||2025-10-23|Past']",$3056.04,"DA25/2346/2 Notification / Submissions - Hotondo South Co...
DA25/2346/3 Referrals - Hotondo South Coast Pty Ltd - PAN...
DA25/2346/1 Application - Hotondo South Coast Pty Ltd - P...
  *D25/510435 Forms - Waste Management - V2 Uploaded 24/10/... 
  *D25/510442 Plans - Site - 20 Greenbank Grove CULBURRA B... 
  *D25/510429 Certificate - BASIX & NatHERS - 20 Greenbank ... 
  *D25/510449 Report - Biodiversity Offset Scheme - V2 - Up... 
  *D25/510448 Report - Statement of Environmental Effects -... 
  *D25/510440 Plans - Colour Schedule - 20 Greenbank Grove ... 
  *D25/510445 Plans - Notification - 20 Greenbank Grove CUL... 
  *D25/510446 Report - Bushfire Assessment - 20 Greenbank G... 
DA25/2346 Hotondo South Coast Pty Ltd - PAN-583973 - 20...
DA25/2346/8 Connected Documents - Hotondo South Coast Pty...
DA25/2346/5 Inspections - Hotondo South Coast Pty Ltd - P...
DA25/2346/4 Assessment - Hotondo South Coast Pty Ltd - PA...
DA25/2346/6 Determination - Hotondo South Coast Pty Ltd -...
DA25/2346/7 Post Determination - Hotondo South Coast Pty ...",Not required
DA25/2348,https://www3.shoalhaven.nsw.gov.au/masterviewUI/modules/ApplicationMaster/default.aspx?page=wrapper&key=736705&propkey=93019, Alterations and additions to a two storey dwelling, 27/10/2025,Approved on 24/11/2025,Development Application,"6 Silkwood Walk, CALLALA BEACH",Sharon Keeffe,"['Actioned|Description|Date Sent|Date Due|Date Rec.|Status', '23/10/2025|Development Application Received|2025-10-23||2025-10-23|Past']",$1482.92,"DA25/2348/1 Application - S Keeffe - PAN-584019 - 6 Silkw...
  *D25/510302 Report - Bushfire Assessment - 6 Silkwood Wal... 
  *D25/510290 Letter - Approval of Extensions - 6 Silkwood... 
  *D25/510283 Forms - Wastewater Management - 6 Silkwood Wa... 
  *D25/510304 Report - Biodiversity Offsets Scheme - 6 Silk... 
  *D25/510298 Plans - Site - 6 Silkwood Walk CALLALA BEACH... 
  *D25/510295 Plans - Notification - 6 Silkwood Walk CALLAL... 
  *D25/510281 Certificate - BASIX - 6 Silkwood Walk CALLAL... 
  *D25/510300 Report - Statement of Environmental Effects -... 
DA25/2348/3 Referrals - S Keeffe - PAN-584019 - 6 Silkwoo...
DA25/2348 S Keeffe - PAN-584019 - 6 Silkwood Walk CALLA...
DA25/2348/2 Notification / Submissions - S Keeffe - PAN-5...
DA25/2348/8 Connected Documents - S Keeffe - PAN-584019 -...
DA25/2348/6 Determination - S Keeffe - PAN-584019 - 6 Sil...
  *D25/551658 Notice of Determination - Approval - DA2025/2... 
  *D25/551627 Approved Plans - External - DA2025/2348 - 6 S... 
  *D25/551634 Approved Document - BASIX Certificate - DA202... 
DA25/2348/5 Inspections - S Keeffe - PAN-584019 - 6 Silkw...
DA25/2348/7 Post Determination - S Keeffe - PAN-584019 - ...
DA25/2348/4 Assessment - S Keeffe - PAN-584019 - 6 Silkwo...",Not required
DA25/2350,https://www3.shoalhaven.nsw.gov.au/masterviewUI/modules/ApplicationMaster/default.aspx?page=wrapper&key=736721&propkey=96782, Construction of a two storey dwelling house, 27/10/2025,Approved on 25/11/2025,Development Application,"43A Boorawine Tce, CALLALA BAY",Clarendon Homes NSW Pty Ltd,"['Actioned|Description|Date Sent|Date Due|Date Rec.|Status', '23/10/2025|Development Application Received|2025-10-23||2025-10-23|Past']",$3274.16,"DA25/2350/2 Notification / Submissions - Clarendon Homes ...
DA25/2350/1 Application - Clarendon Homes (NSW) Pty Ltd -...
  *D25/510173 Plans - Landscape - 43A Boorawine Terrace CAL... 
  *D25/510157 Certificate - NatHERS - 43A Boorawine Terrac... 
  *D25/510174 Plans - Schedule of External Colours - 43A Bo... 
  *D25/510161 Forms - Waste Management - 43A Boorawine Ter... 
  *D25/510156 Certificate - BASIX - 43A Boorawine Terrace ... 
  *D25/510176 Report - Biodiversity Offset Scheme - 43A Boo... 
  *D25/510177 Report - Statement of Environmental Effects -... 
  *D25/510170 Plans - Notification - 43A Boorawine Terrace... 
  *D25/510169 SUPERSEDED Plans - Site - 43A Boorawine Terr... 
DA25/2350/3 Referrals - Clarendon Homes (NSW) Pty Ltd - P...
DA25/2350 Clarendon Homes (NSW) Pty Ltd - PAN-584071 - ...
DA25/2350/6 Determination - Clarendon Homes (NSW) Pty Ltd...
  + D25/588760 Water Development Notice - DA25 2350 - N1 
  *D25/552856 Notice of Determination - Two Storey Dwelling... 
  *D25/552831 Approved Plans - 43a Boorawine Tce Callala Ba... 
DA25/2350/7 Post Determination - Clarendon Homes (NSW) Pt...
DA25/2350/5 Inspections - Clarendon Homes (NSW) Pty Ltd -...
DA25/2350/8 Connected Documents - Clarendon Homes (NSW) P...
DA25/2350/4 Assessment - Clarendon Homes (NSW) Pty Ltd - ...",Not required
DA25/2352,https://www3.shoalhaven.nsw.gov.au/masterviewUI/modules/ApplicationMaster/default.aspx?page=wrapper&key=736738&propkey=20039, Demolition of existing garage and construction of a shed, 27/10/2025,UnderAss,Development Application,"28 Wolseley St, MILTON",Garsh Developments Pty Ltd,"['Actioned|Description|Date Sent|Date Due|Date Rec.|Status', '23/10/2025|Development Application Received|2025-10-23||2025-10-23|Past']",$836,"DA25/2352 Garsh Developments Pty Ltd - PAN-584127 - 28 ...
DA25/2352/5 Inspections - Garsh Developments Pty Ltd - PA...
DA25/2352/3 Referrals - Garsh Developments Pty Ltd - PAN-...
DA25/2352/2 Notification / Submissions - Garsh Developmen...
DA25/2352/4 Assessment - Garsh Developments Pty Ltd - PAN...
DA25/2352/1 Application - Garsh Developments Pty Ltd - PA...
  *D25/510086 Forms - Waste Management - V2 - Uploaded 27/1... 
  *D25/510104 Report - Biodiversity Offsets Scheme - 28 Wol... 
  *D25/510102 Report - Statement of Environmental Effects -... 
  *D25/510095 Plans - Site - 28 Wolseley Street MILTON NSW... 
  *D25/510097 Plans - Notification - 28 Wolseley Street MIL... 
DA25/2352/6 Determination - Garsh Developments Pty Ltd - ...
DA25/2352/7 Post Determination - Garsh Developments Pty L...
DA25/2352/8 Connected Documents - Garsh Developments Pty ...",Not required
DA25/2314,https://www3.shoalhaven.nsw.gov.au/masterviewUI/modules/ApplicationMaster/default.aspx?page=wrapper&key=736257&propkey=37670, Continued use as a group home (permanent), 28/10/2025,Approved on 11/12/2025,Development Application,"197 Kinghorne St, NOWRA",The Trustee for Thirdi Buller Street Disability Housing Trust,"['Actioned|Description|Date Sent|Date Due|Date Rec.|Status', '17/10/2025|Development Application Received|2025-10-17||2025-10-17|Past']",$854,"DA25/2314 The Trustee for Thirdi Buller Street Disabili...
DA25/2314/6 Determination - The Trustee for Thirdi Buller...
  + D25/545480 Water Development Notice - DA25 2314 - N1 
  *D25/578120 DA2025 2314 Notice of Determination - Continu... 
DA25/2314/2 Notification / Submissions - The Trustee for ...
  *D25/529888 Submission - Ms Lesley Crump - PUBLIC - Submi... 
  *D25/546057 Submission - Attachment - Cato, Sally Patrici... 
  *D25/546182 Submission - Cato, Sally Patricia - PUBLIC - ... 
DA25/2314/3 Referrals - The Trustee for Thirdi Buller Str...
DA25/2314/7 Post Determination - The Trustee for Thirdi B...
DA25/2314/4 Assessment - The Trustee for Thirdi Buller St...
DA25/2314/5 Inspections - The Trustee for Thirdi Buller S...
DA25/2314/1 Application - The Trustee for Thirdi Buller S...
  *D25/512494 Report - Access - V2 - Uploaded 23/10/25 - 19... 
  *D25/512496 Report - Operation Management Plan - 197 King... 
  *D25/512492 Report - Category 1 Fire Safety Provisions -... 
  *D25/512489 Plans - Notification Plan - 197 Kinghorne Str... 
  *D25/512493 Report - Statement of Environmental Effects -... 
DA25/2314/8 Connected Documents - The Trustee for Thirdi ...",Not required
DA25/2364,https://www3.shoalhaven.nsw.gov.au/masterviewUI/modules/ApplicationMaster/default.aspx?page=wrapper&key=736891&propkey=27764, Swimming pool and spa, 28/10/2025,Approved on 15/12/2025,Development Application,"62 Lackersteen St, CALLALA BAY",Danfi Pty Ltd,"['Actioned|Description|Date Sent|Date Due|Date Rec.|Status', '27/10/2025|Development Application Received|2025-10-27||2025-10-27|Past']",$1064.32,"DA25/2364 Danfi Pty Ltd - PAN-584842 - 62 Lackersteen S...
DA25/2364/4 Assessment - Danfi Pty Ltd - PAN-584842 - 62 ...
DA25/2364/6 Determination - Danfi Pty Ltd - PAN-584842 - ...
  *D25/586622 Notice of Determination - Approval - DA2025/2... 
  *D25/586616 Approved Document - BASIX Certificate - DA202... 
  *D25/586618 Approved Document - Arboriculture Assessment ... 
  *D25/586620 Approved Plans - DA2025/2364 - 62 Lackersteen... 
DA25/2364/1 Application - Danfi Pty Ltd - PAN-584842 - 62...
  *D25/512660 Report - Pool Specifications - 62 Lackersteen... 
  *D25/512659 Report - Biodiversity Offset Scheme - 62 Lack... 
  *D25/512656 Report - Aboriginal Heritage Information Mana... 
  *D25/512657 Report - Statement Of Environmental Effects ... 
  *D25/512653 Plans - Site - 62 Lackersteen Street CALLALA ... 
  *D25/512652 Letter - Variation Statement - 62 Lackersteen... 
  *D25/512648 Forms - Waste Management - V2- Uploaded 28/10... 
DA25/2364/3 Referrals - Danfi Pty Ltd - PAN-584842 - 62 L...
DA25/2364/2 Notification / Submissions - Danfi Pty Ltd - ...
DA25/2364/5 Inspections - Danfi Pty Ltd - PAN-584842 - 62...
DA25/2364/7 Post Determination - Danfi Pty Ltd - PAN-5848...
DA25/2364/8 Connected Documents - Danfi Pty Ltd - PAN-584...",Not required
DA25/2325,https://www3.shoalhaven.nsw.gov.au/masterviewUI/modules/ApplicationMaster/default.aspx?page=wrapper&key=736462&propkey=109580, Construction of a roundabout, 29/10/2025,UnderAss,Development Application,"Canal St East, CULBURRA BEACH
Canal St East, CULBURRA BEACH
Culburra Rd, CULBURRA BEACH
Prince Edward Av, CULBURRA BEACH
Prince Edward Av, CULBURRA BEACH
West Cr, CULBURRA BEACH",Allen Price Pty Ltd,"['Actioned|Description|Date Sent|Date Due|Date Rec.|Status', '21/10/2025|Development Application Received|2025-10-21||2025-10-21|Past']",$2970.76,"DA25/2325/1 Application - Allen Price Pty Ltd - PAN-58311...
  *D25/515138 Forms - Waste Management - Canal Street East... 
  *D25/515164 Report - Aboriginal Cultural Heritage - Canal... 
  *D25/515158 Plans - Site - Canal Street East CULBURRA BEA... 
  *D25/515165 Report - Arborist - Canal Street East CULBUR... 
  *D25/515167 Report - Statement of Environmental Effects -... 
  *D25/515157 Plans - Civil Engineering - Canal Street East... 
  *D25/515163 Report - Biodiversity Offset Scheme - Canal S... 
DA25/2325 Allen Price Pty Ltd - PAN-583110 - Canal Stre...
DA25/2325/2 Notification / Submissions - Allen Price Pty ...
DA25/2325/3 Referrals - Allen Price Pty Ltd - PAN-583110 ...
  *D25/591743 Internal Referral - Property - DA2025/2325 - ... 
  *D25/596352 Referral response - Endeavour Energy - Approv... 
DA25/2325/4 Assessment - Allen Price Pty Ltd - PAN-583110...
DA25/2325/5 Inspections - Allen Price Pty Ltd - PAN-58311...
DA25/2325/6 Determination - Allen Price Pty Ltd - PAN-583...
DA25/2325/7 Post Determination - Allen Price Pty Ltd - PA...
DA25/2325/8 Connected Documents - Allen Price Pty Ltd - P...",This application is on exhibition - Lodge a submission - (Submissions Close: 21/01/2026 11:59:00 PM)
DA25/2355,https://www3.shoalhaven.nsw.gov.au/masterviewUI/modules/ApplicationMaster/default.aspx?page=wrapper&key=736812&propkey=1002700, Dual occupancy (attached), 29/10/2025,AwaitInfo,Development Application,"15 Wendy Pl, SOUTH NOWRA",MDTD Pty Ltd,"['Actioned|Description|Date Sent|Date Due|Date Rec.|Status', '24/10/2025|Development Application Received|2025-10-24||2025-10-24|Past']",$3277.44,"DA25/2355/3 Referrals - MDTD Pty Ltd - PAN-584415 - 15 We...
  *D25/521228 Internal Referral - Building Surveyor - DA202... 
  *D25/521229 Internal Referral - Water Asset Planning & De... 
  *D25/521237 Internal Referral - GIS Unit House Numbering ... 
  *D25/521240 Internal Referral - Development Engineer - DA... 
DA25/2355 MDTD Pty Ltd - PAN-584415 - 15 Wendy Place SO...
DA25/2355/1 Application - MDTD Pty Ltd - PAN-584415 - 15 ...
  *D25/515031 Report - Biodiversity Development Assessment ... 
  *D25/515012 Plans - Schedule of Colours and Materials - 1... 
  *D25/515025 Report - Statement of Environmental Effects -... 
  *D25/515013 Plans - Erosion and Sediment Control - 15 We... 
  *D25/515011 Plans - Site - 15 Wendy Place SOUTH NOWRA NS... 
  *D25/515020 Plans - Notification - 15 Wendy Place SOUTH ... 
  *D25/515014 Plans - Sections - 15 Wendy Place SOUTH NOWRA... 
  *D25/515010 Plans - Landscape - 15 Wendy Place SOUTH NOWR... 
  *D25/515017 Plans - Elevations - 15 Wendy Place SOUTH NOW... 
  *D25/514999 Certificate - BASIX - 15 Wendy Place SOUTH N... 
  *D25/514997 Certificate - NatHERS Unit 2 - 15 Wendy Pla... 
  *D25/514998 Certificate - NatHERS Unit 1 - 15 Wendy Place... 
  *D25/515001 Certificate - NatHERS - 15 Wendy Place SOUTH... 
  *D25/515003 Forms - Waste Management - 15 Wendy Place SO... 
DA25/2355/2 Notification / Submissions - MDTD Pty Ltd - P...
DA25/2355/6 Determination - MDTD Pty Ltd - PAN-584415 - 1...
DA25/2355/4 Assessment - MDTD Pty Ltd - PAN-584415 - 15 W...
DA25/2355/8 Connected Documents - MDTD Pty Ltd - PAN-5844...
DA25/2355/7 Post Determination - MDTD Pty Ltd - PAN-58441...
DA25/2355/5 Inspections - MDTD Pty Ltd - PAN-584415 - 15 ...",Not required
DA25/2358,https://www3.shoalhaven.nsw.gov.au/masterviewUI/modules/ApplicationMaster/default.aspx?page=wrapper&key=736853&propkey=86718," Prospective use relating to enlargement works of the caretakers residence and prospective use of works relating to the stairs, storage and mezzanine level of the Industrial Premises", 29/10/2025,Approved on 18/12/2025,Development Application,"8 Snapper Rd, HUSKISSON",Daniel Stedman,"['Actioned|Description|Date Sent|Date Due|Date Rec.|Status', '24/10/2025|Development Application Received|2025-10-24||2025-10-24|Past']",$854,"DA25/2358 D Stedman - PAN-584553 - 8 Snapper Road HUSKI...
DA25/2358/2 Notification / Submissions - D Stedman - PAN-...
DA25/2358/5 Inspections - D Stedman - PAN-584553 - 8 Snap...
DA25/2358/3 Referrals - D Stedman - PAN-584553 - 8 Snappe...
DA25/2358/1 Application - D Stedman - PAN-584553 - 8 Snap...
  *D25/514328 Forms - Waste Management - 8 Snapper Road HU... 
  *D25/521444 Plans - Revised Notification Plans - 8 Snappe... 
  *D25/514323 Certificate - BASIX - 8 Snapper Road HUSKISS... 
  *D25/514336 Report - Statement of Environmental Effects -... 
DA25/2358/4 Assessment - D Stedman - PAN-584553 - 8 Snapp...
DA25/2358/6 Determination - D Stedman - PAN-584553 - 8 Sn...
  *D25/593385 Deferred Commencement Determination - Approva... 
  *D25/593629 Approved Archtectural Plans (External) - 8 Sn... 
DA25/2358/8 Connected Documents - D Stedman - PAN-584553 ...
DA25/2358/7 Post Determination - D Stedman - PAN-584553 -...",Not required
DA25/2363,https://www3.shoalhaven.nsw.gov.au/masterviewUI/modules/ApplicationMaster/default.aspx?page=wrapper&key=736888&propkey=40185, Demolition of Existing Garage and Construction of a New Garage, 29/10/2025,Approved on 04/12/2025,Development Application,"4 Morschel Av, NORTH NOWRA",Sharon Keeffe,"['Actioned|Description|Date Sent|Date Due|Date Rec.|Status', '27/10/2025|Development Application Received|2025-10-27||2025-10-27|Past']",$734,"DA25/2363/1 Application - S Keeffe - PAN-584827 - 4 Morsc...
  *D25/516220 Plans - Site - 4 Morschel Avenue NORTH NOWRA... 
  *D25/516213 Forms - Waste Management Plan - 4 Morschel Av... 
  *D25/516231 Report - Biodiversity Offset Scheme - 4 Morsc... 
  *D25/516227 Plans - Site Management - V2- Uploaded 28/10/... 
  *D25/516232 Report - Statement of Environmental Effects -... 
  *D25/516218 Letter - Notification - V4 - Uploaded 29/10/2... 
DA25/2363/7 Post Determination - S Keeffe - PAN-584827 - ...
DA25/2363/2 Notification / Submissions - S Keeffe - PAN-5...
DA25/2363/6 Determination - S Keeffe - PAN-584827 - 4 Mor...
  *D25/567143 Notice of Determination - 4 Morschel Avenue N... 
  *D25/567161 Approved - Plans - 4 Morschel Avenue NORTH NO... 
DA25/2363/4 Assessment - S Keeffe - PAN-584827 - 4 Morsch...
DA25/2363/8 Connected Documents - S Keeffe - PAN-584827 -...
DA25/2363/5 Inspections - S Keeffe - PAN-584827 - 4 Morsc...
DA25/2363/3 Referrals - S Keeffe - PAN-584827 - 4 Morsche...
DA25/2363 S Keeffe - PAN-584827 - 4 Morschel Avenue NOR...",Not required
DA25/2370,https://www3.shoalhaven.nsw.gov.au/masterviewUI/modules/ApplicationMaster/default.aspx?page=wrapper&key=736947&propkey=82119," Torrens title subdivision into two lots: Lot 1 to retain existing two storey dwelling, Lot 2 is vacant", 29/10/2025,Approved on 10/12/2025,Development Application,"The Park Dr, SANCTUARY POINT",Luke Antony Fonseca,"['Actioned|Description|Date Sent|Date Due|Date Rec.|Status', '28/10/2025|Development Application Received|2025-10-28||2025-10-28|Past']",$968,"DA25/2370 L A Fonseca - PAN-584775 - The Park Drive SAN...
DA25/2370/1 Application - L A Fonseca - PAN-584775 - The ...
  *D25/516284 Report - Statement of Environmental Effects -... 
  *D25/516257 Forms - Waste Management Plan - The Park Driv... 
  *D25/516267 Plans - Preliminary Engineering Drawings - Th... 
  *D25/516276 Plans - Proposed Subdivision - V5 - Uploaded ... 
  *D25/516273 Plans - Site - V3 - Uploaded 29/10/25 - The P... 
DA25/2370/3 Referrals - L A Fonseca - PAN-584775 - The Pa...
DA25/2370/2 Notification / Submissions - L A Fonseca - PA...
DA25/2370/4 Assessment - L A Fonseca - PAN-584775 - The P...
DA25/2370/6 Determination - L A Fonseca - PAN-584775 - Th...
  *D25/571498 approved plan of Subdivision - Lot 78 DP 818... 
  *D25/576797 DA2025 2370 Notice of Determination - Subdivi... 
DA25/2370/7 Post Determination - L A Fonseca - PAN-584775...
DA25/2370/5 Inspections - L A Fonseca - PAN-584775 - The ...
DA25/2370/8 Connected Documents - L A Fonseca - PAN-58477...",Not required
DA25/2339,https://www3.shoalhaven.nsw.gov.au/masterviewUI/modules/ApplicationMaster/default.aspx?page=wrapper&key=736615&propkey=1005309, Construction of a single dwelling and swimming pool and use as a temporary exhibition home, 30/10/2025,UnderAss,Development Application,"12 Myrtle Drive, BADAGARANG",Hotondo South Coast Pty Ltd,"['Actioned|Description|Date Sent|Date Due|Date Rec.|Status', '22/10/2025|Development Application Received|2025-10-22||2025-10-22|Past']",$3390,"DA25/2339 Hotondo South Coast Pty Ltd - PAN-583624 - 12...
DA25/2339/4 Assessment - Hotondo South Coast Pty Ltd - PA...
DA25/2339/3 Referrals - Hotondo South Coast Pty Ltd - PAN...
DA25/2339/2 Notification / Submissions - Hotondo South Co...
DA25/2339/5 Inspections - Hotondo South Coast Pty Ltd - P...
DA25/2339/1 Application - Hotondo South Coast Pty Ltd - P...
  *D25/517805 Forms - Waste Management Plan - V2 - Uploaded... 
  *D25/517811 Plans - Colour Schedule - 12 Myrtle Drive BAD... 
  *D25/517797 Certificate - BASIX - 12 Myrtle Drive BADAGAR... 
  *D25/517818 Report - Biodiversity Offset Scheme - 12 Myrt... 
  *D25/517816 Report - Statement of Environmental Effects -... 
  *D25/517813 Plans - Notification - 12 Myrtle Drive BADAGA... 
  *D25/517815 Plans - Site - 12 Myrtle Drive BADAGARANG NS... 
DA25/2339/7 Post Determination - Hotondo South Coast Pty ...
DA25/2339/6 Determination - Hotondo South Coast Pty Ltd -...
DA25/2339/8 Connected Documents - Hotondo South Coast Pty...",Not required
DA25/2351,https://www3.shoalhaven.nsw.gov.au/masterviewUI/modules/ApplicationMaster/default.aspx?page=wrapper&key=736734&propkey=48881, Shed and associated paving, 30/10/2025,Approved on 16/12/2025,Development Application,"243 Lake Conjola Entrance Rd, CONJOLA PARK",The Trustee For CB & J Irwin Family Trust,"['Actioned|Description|Date Sent|Date Due|Date Rec.|Status', '23/10/2025|Development Application Received|2025-10-23||2025-10-23|Past']",$3206.92,"DA25/2351 The Trustee For CB & J Irwin Family Trust - P...
DA25/2351/1 Application - The Trustee For CB & J Irwin Fa...
  *D25/519192 Forms - Waste Management Plan - 243 Lake Conj... 
  *D25/519212 Report - Biodiversity Offsets Scheme - 243 La... 
  *D25/519197 Plans - Bushfire Assessment - 243 Lake Conjol... 
  *D25/519200 Plans - Notification - V2 - Uploaded 27/10/25... 
  *D25/519211 Report - Statement of Environmental Effects -... 
  *D25/519210 Plans - Site - V3 - Uploaded 30/10/25 - 243 L... 
  *D25/519204 Plans - Wastewater Management - V3 - Uploaded... 
DA25/2351/2 Notification / Submissions - The Trustee For ...
  *D25/529291 Submission - Ioannou, Evangelos - PUBLIC - Su... 
  *D25/537063 Submission - Attachment - National Parks And ... 
  *D25/537120 Submission - National Parks And Wildlife Serv... 
DA25/2351/4 Assessment - The Trustee For CB & J Irwin Fam...
DA25/2351/8 Connected Documents - The Trustee For CB & J ...
DA25/2351/5 Inspections - The Trustee For CB & J Irwin Fa...
DA25/2351/7 Post Determination - The Trustee For CB & J I...
DA25/2351/3 Referrals - The Trustee For CB & J Irwin Fami...
DA25/2351/6 Determination - The Trustee For CB & J Irwin ...
  *D25/586926 Approved Architectural Plans - DA2025/2351 - ... 
  *D25/586939 Notice of Determination - DA2025 2351 - 243 ... ",Not required
DA25/2374,https://www3.shoalhaven.nsw.gov.au/masterviewUI/modules/ApplicationMaster/default.aspx?page=wrapper&key=737057&propkey=57219, Swimming pool, 30/10/2025,Approved on 04/12/2025,Development Application,"185 Bundewallah Rd, BUNDEWALLAH",Chris Hall,"['Actioned|Description|Date Sent|Date Due|Date Rec.|Status', '28/10/2025|Development Application Received|2025-10-28||2025-10-28|Past']",$626.12,"DA25/2374 C Hall - PAN-585516 - 185 Bundewallah Road BU...
DA25/2374/4 Assessment - C Hall - PAN-585516 - 185 Bundew...
DA25/2374/3 Referrals - C Hall - PAN-585516 - 185 Bundewa...
DA25/2374/2 Notification / Submissions - C Hall - PAN-585...
DA25/2374/8 Connected Documents - C Hall - PAN-585516 - 1...
DA25/2374/6 Determination - C Hall - PAN-585516 - 185 Bun...
  *D25/569255 Notice of Determination - DA2025/2374 - 185 B... 
  *D25/569254 Approved Plans - Architectural - DA2025/2374 ... 
DA25/2374/1 Application - C Hall - PAN-585516 - 185 Bunde...
  *D25/516363 Plans - Elevations and Sections - 185 Bundewa... 
  *D25/516368 Plans - Coping Specifications - 185 Bundewall... 
  *D25/516358 Report - Biodiversity Offset Scheme - 185 Bun... 
  *D25/516369 Plans - Effluent Disposal Information - 185 B... 
  *D25/516374 Report - Statement of Environmental Effects -... 
  *D25/516357 Forms - Waste Management Plan - 185 Bundewall... 
  *D25/516365 Plans - Architectural - V3 - Uploaded 30/10/2... 
DA25/2374/5 Inspections - C Hall - PAN-585516 - 185 Bunde...
DA25/2374/7 Post Determination - C Hall - PAN-585516 - 18...",Not required
MA25/1358,https://www3.shoalhaven.nsw.gov.au/masterviewUI/modules/ApplicationMaster/default.aspx?page=wrapper&key=736737&propkey=3033, S4.55(1) to DA24/1395 - Delete condition 11(b), 30/10/2025,UnderAss,Modification Application,"22 East Cr, CULBURRA BEACH",Iarchitecture SC Pty Ltd,"['Actioned|Description|Date Sent|Date Due|Date Rec.|Status', '23/10/2025|Modification Application Received|2025-10-23||2025-10-23|Past']",$150,"MA25/1358/2 Notification / Submissions - Iarchitecture SC...
MA25/1358 Iarchitecture SC Pty Ltd - PAN-584134 - 22 Ea...
MA25/1358/1 Application - Iarchitecture SC Pty Ltd - PAN-...
  *D25/516651 Letter - Cover Letter - V2 - 22 East Crescent... 
  *D25/516653 Letter - Justification - V2 - 22 East Crescen... 
MA25/1358/6 Determination - Iarchitecture SC Pty Ltd - PA...
MA25/1358/5 Inspections - Iarchitecture SC Pty Ltd - PAN-...
MA25/1358/7 Post Determination - Iarchitecture SC Pty Ltd...
MA25/1358/4 Assessment - Iarchitecture SC Pty Ltd - PAN-5...
MA25/1358/3 Referrals - Iarchitecture SC Pty Ltd - PAN-58...
MA25/1358/8 Connected Documents - Iarchitecture SC Pty Lt...",Not required
DA25/2365,https://www3.shoalhaven.nsw.gov.au/masterviewUI/modules/ApplicationMaster/default.aspx?page=wrapper&key=736908&propkey=4188, Demolition of existing dwelling. Construction of a single storey dwelling house, 31/10/2025,Approved on 10/12/2025,Development Application,"61 Penguins Head Rd, CULBURRA BEACH",Garsh Developments Pty Ltd,"['Actioned|Description|Date Sent|Date Due|Date Rec.|Status', '27/10/2025|Development Application Received|2025-10-27||2025-10-27|Past']",$2358,"DA25/2365 Garsh Developments Pty Ltd - PAN-584884 - 61 ...
DA25/2365/5 Inspections - Garsh Developments Pty Ltd - PA...
DA25/2365/4 Assessment - Garsh Developments Pty Ltd - PAN...
DA25/2365/3 Referrals - Garsh Developments Pty Ltd - PAN-...
DA25/2365/2 Notification / Submissions - Garsh Developmen...
DA25/2365/1 Application - Garsh Developments Pty Ltd - PA...
  *D25/518648 Certificate - NatHERS - 61 Penguins Head Road... 
  *D25/518646 Certificate - BASIX - 61 Penguins Head Road ... 
  *D25/518663 Report - Statement of Environmental Effects -... 
  *D25/518665 Report - Biodiversity Offset Scheme - 61 Peng... 
  *D25/518660 Plans - Notification - V2 - Uploaded 29/10/25... 
  *D25/518654 Forms - Waste Management Plan - V2 - Uploaded... 
  *D25/518659 Plans - Site - 61 Penguins Head Road CULBURR... 
DA25/2365/7 Post Determination - Garsh Developments Pty L...
DA25/2365/6 Determination - Garsh Developments Pty Ltd - ...
  *D25/578057 Notice of Determination - Demolition of exist... 
  *D25/578039 Basix Certificate - 61 Penguins Head Rd Culbu... 
  *D25/578055 Approved Plans - 61 Penguins Head Rd Culburra... 
DA25/2365/8 Connected Documents - Garsh Developments Pty ...",Not required
DA25/2366,https://www3.shoalhaven.nsw.gov.au/masterviewUI/modules/ApplicationMaster/default.aspx?page=wrapper&key=736932&propkey=116802," Alterations and Additions to Caravan Park: Installation of an outdoor spa and wellness precinct comprising 4 spa pools and associated footpaths and decks, pool fencing and landscaping. Conversion of an existing storage and toilet facility into 4 toilet cubicles. Relocation of 9 short term sites.", 31/10/2025,AwaitInfo,Development Application,"381 Murramarang Rd, BAWLEY POINT",Tasman Tourism Pty Ltd,"['Actioned|Description|Date Sent|Date Due|Date Rec.|Status', '27/10/2025|Development Application Received|2025-10-27||2025-10-27|Past']",$2676.54,"DA25/2366/1 Application - Tasman Tourism Pty Ltd - PAN-58...
  *D25/520881 Plans - Sediment and Erosion Control Plan - 3... 
  *D25/520889 Report - Biodiversity Offset Scheme - 381 Mur... 
  *D25/520878 Forms - Waste Management Plan - 381 Murramara... 
  *D25/520883 Plans - Site - 381 Murramarang Road BAWLEY P... 
  *D25/520888 Report - Bushfire Assessment - 381 Murramara... 
  *D25/520890 Report - Statement of Environmental Effects -... 
  *D25/520880 Letter - Cover Letter - 381 Murramarang Road ... 
DA25/2366 Tasman Tourism Pty Ltd - PAN-584983 - 381 Mur...
DA25/2366/2 Notification / Submissions - Tasman Tourism P...
DA25/2366/5 Inspections - Tasman Tourism Pty Ltd - PAN-58...
DA25/2366/3 Referrals - Tasman Tourism Pty Ltd - PAN-5849...
DA25/2366/4 Assessment - Tasman Tourism Pty Ltd - PAN-584...
DA25/2366/6 Determination - Tasman Tourism Pty Ltd - PAN-...
DA25/2366/8 Connected Documents - Tasman Tourism Pty Ltd ...
DA25/2366/7 Post Determination - Tasman Tourism Pty Ltd -...",Not required
DA25/2376,https://www3.shoalhaven.nsw.gov.au/masterviewUI/modules/ApplicationMaster/default.aspx?page=wrapper&key=737091&propkey=12434, Demolition of existing structures and construction of a two storey dwelling house, 31/10/2025,Approved on 12/12/2025,Development Application,"7 Ada St, VINCENTIA",Hotondo South Coast Pty Ltd,"['Actioned|Description|Date Sent|Date Due|Date Rec.|Status', '29/10/2025|Development Application Received|2025-10-29||2025-10-29|Past']",$2877.28,"DA25/2376/2 Notification / Submissions - Hotondo South Co...
DA25/2376/3 Referrals - Hotondo South Coast Pty Ltd - PAN...
DA25/2376 Hotondo South Coast Pty Ltd - PAN-585717 - 7 ...
DA25/2376/6 Determination - Hotondo South Coast Pty Ltd -...
  *D25/582157 Approved Plans (external) DA2025 2376 - 7 Ada... 
  *D25/582112 Notice of Determination - DA2025 2376 - 7 Ada... 
DA25/2376/1 Application - Hotondo South Coast Pty Ltd - P...
  *D25/518945 Forms - Waste Management Plan - 7 Ada Street ... 
  *D25/518953 Plans - Site - V1 - Uploaded 29/10/25 - 7 Ada... 
  *D25/518964 Report - Biodiversity Offset Scheme - 7 Ada S... 
  *D25/518965 Report - Bushfire Assessment - 7 Ada Street V... 
  *D25/518939 Certificate - BASIX & NatHERS - V2 - Uploaded... 
  *D25/518966 Report - Superceeded - SEE - 7 Ada Street VIN... 
  *D25/518958 Plans - Site - V3 - Uploaded 30/10/25 - 7 Ada... 
  *D25/518960 Plans - Notification - V2 - Uploaded 30/10/25... 
  *D25/518962 Plans - Colour Sheet - 7 Ada Street VINCENTIA... 
DA25/2376/5 Inspections - Hotondo South Coast Pty Ltd - P...
DA25/2376/4 Assessment - Hotondo South Coast Pty Ltd - PA...
DA25/2376/8 Connected Documents - Hotondo South Coast Pty...
DA25/2376/7 Post Determination - Hotondo South Coast Pty ...",Not required
DA25/2362,https://www3.shoalhaven.nsw.gov.au/masterviewUI/modules/ApplicationMaster/default.aspx?page=wrapper&key=736865&propkey=43763," Dwelling house, relocation of pool shade structure, demolition of pool shed", 03/11/2025,Approved on 05/12/2025,Development Application,"119 Evelyn Rd, TOMERONG",Blair Mullins,"['Actioned|Description|Date Sent|Date Due|Date Rec.|Status', '27/10/2025|Development Application Received|2025-10-27||2025-10-27|Past']",$3364.36,"DA25/2362 B Mullins - PAN-583060 - 119 Evelyn Road TOME...
DA25/2362/3 Referrals - B Mullins - PAN-583060 - 119 Evel...
DA25/2362/1 Application - B Mullins - PAN-583060 - 119 Ev...
  *D25/525777 Forms - Waste Management Plan - 119 Evelyn Ro... 
  *D25/525793 Report - Biodiversity Offsets Scheme - 119 Ev... 
  *D25/525792 Plans - 3D Images Photomontage - 119 Evelyn R... 
  *D25/525796 Report - Bushfire Assessment - 119 Evelyn Roa... 
  *D25/525770 Certificate - BASIX - 119 Evelyn Road TOMERON... 
  *D25/525769 Certificate - NatHERS - 119 Evelyn Road TOME... 
  *D25/525784 Plans - Site - 119 Evelyn Road TOMERONG NSW 2... 
  *D25/525795 Report - Soil and Site Assessment for Onsite ... 
  *D25/525791 Plans - Notification - V2 - Uploaded 06/11/25... 
  *D25/525797 Report - Statement of Environmental Effects -... 
  *D25/536031 Plans - Revised Notification Plans - DA2025/2... 
DA25/2362/2 Notification / Submissions - B Mullins - PAN-...
DA25/2362/6 Determination - B Mullins - PAN-583060 - 119 ...
  *D25/570880 Determination - Approval - DA2025/2362 - 119 ... 
  *D25/570931 Approved Plans - External - DA2025/2362 - 119... 
  *D25/570937 Approved Document - Bushfire Assessment Repor... 
  *D25/570938 Approved Document - BASIX Certificate - DA202... 
  *D25/570940 Approved Document - NatHERS Certificate- DA20... 
DA25/2362/5 Inspections - B Mullins - PAN-583060 - 119 Ev...
DA25/2362/7 Post Determination - B Mullins - PAN-583060 -...
DA25/2362/4 Assessment - B Mullins - PAN-583060 - 119 Eve...
DA25/2362/8 Connected Documents - B Mullins - PAN-583060 ...",Not required
DA25/2377,https://www3.shoalhaven.nsw.gov.au/masterviewUI/modules/ApplicationMaster/default.aspx?page=wrapper&key=737107&propkey=116891, Community Title Subdivision of an existing approved multi dwelling housing development, 03/11/2025,Approved on 09/12/2025,Development Application,"17 Banool Cct, BOMADERRY",Allen Price Pty Ltd,"['Actioned|Description|Date Sent|Date Due|Date Rec.|Status', '29/10/2025|Development Application Received|2025-10-29||2025-10-29|Past']",$654,"DA25/2377/4 Assessment - Allen Price Pty Ltd - PAN-585712...
DA25/2377/8 Connected Documents - Allen Price Pty Ltd - P...
DA25/2377/3 Referrals - Allen Price Pty Ltd - PAN-585712 ...
  *D25/532004 Internal Referral - Building Surveyor - DA202... 
  *D25/532010 Internal Referral - GIS Unit House Numbering ... 
  *D25/532011 Internal Referral - Water Asset Planning & De... 
DA25/2377 Allen Price Pty Ltd - PAN-585712 - 17 Banool ...
DA25/2377/1 Application - Allen Price Pty Ltd - PAN-58571...
  *D25/520993 Plans - Subdivision Plan - 17 Banool Circuit ... 
  *D25/520994 Plans - Site - 17 Banool Circuit BOMADERRY N... 
  *D25/520997 Report - Statement of Environmental Effects -... 
  *D25/520989 Letter - Cover Letter - 17 Banool Circuit BOM... 
DA25/2377/7 Post Determination - Allen Price Pty Ltd - PA...
DA25/2377/2 Notification / Submissions - Allen Price Pty ...
DA25/2377/6 Determination - Allen Price Pty Ltd - PAN-585...
  *D25/574549 DETERMINATION - APPROVAL - 17 Banool Circuit ... 
  *D25/574565 APPROVED PLANS - Lot Layout - 17 Banool Circu... 
DA25/2377/5 Inspections - Allen Price Pty Ltd - PAN-58571...",Not required
DA25/2383,https://www3.shoalhaven.nsw.gov.au/masterviewUI/modules/ApplicationMaster/default.aspx?page=wrapper&key=737238&propkey=3913, Detached shed with awning, 03/11/2025,AwaitInfo,Development Application,"9 Otway St, ORIENT POINT",Fernleigh Drafting,"['Actioned|Description|Date Sent|Date Due|Date Rec.|Status', '30/10/2025|Development Application Received|2025-10-30||2025-10-30|Past']",$1006.08,"DA25/2383/3 Referrals - F Drafting - PAN-586168 - 9 Otway...
DA25/2383/1 Application - F Drafting - PAN-586168 - 9 Otw...
  *D25/521052 Letter - Variation Request - 9 Otway Street O... 
  *D25/521047 Forms - Waste Management - 9 Otway Street OR... 
  *D25/521045 Forms - Shed Use - 9 Otway Street ORIENT POI... 
  *D25/521057 Report - Statement of Environmental Effects -... 
  *D25/521054 Plans - Notification - 9 Otway Street ORIENT ... 
  *D25/521055 Report - Biodiversity Offset Scheme - 9 Otway... 
  *D25/521053 Plans - Site - 9 Otway Street ORIENT POINT NS... 
DA25/2383/5 Inspections - F Drafting - PAN-586168 - 9 Otw...
DA25/2383/2 Notification / Submissions - F Drafting - PAN...
DA25/2383/6 Determination - F Drafting - PAN-586168 - 9 O...
DA25/2383 F Drafting - PAN-586168 - 9 Otway Street ORIE...
DA25/2383/4 Assessment - F Drafting - PAN-586168 - 9 Otwa...
DA25/2383/7 Post Determination - F Drafting - PAN-586168 ...
DA25/2383/8 Connected Documents - F Drafting - PAN-586168...",Not required
DA25/2380,https://www3.shoalhaven.nsw.gov.au/masterviewUI/modules/ApplicationMaster/default.aspx?page=wrapper&key=737208&propkey=120857, Community Title Subdivision of existing approved Multi-Dwelling Housing Development, 04/11/2025,Approved on 26/11/2025,Development Application,"2 Elian Cr, SOUTH NOWRA",Allen Price Pty Ltd,"['Actioned|Description|Date Sent|Date Due|Date Rec.|Status', '30/10/2025|Development Application Received|2025-10-30||2025-10-30|Past']",$707,"DA25/2380/1 Application - Allen Price Pty Ltd - PAN-58606...
  *D25/522541 Report - Bushfire Protection Assessment - 2 E... 
  *D25/522536 Letter - Cover Letter - 2 Elian Crescent SOU... 
  *D25/522544 Report - Statement of Environmental Effects -... 
  *D25/522539 Plans - Subdivision Sketch Plan - 2 Elian Cr... 
  *D25/522540 Plans - Site - 2 Elian Crescent SOUTH NOWRA ... 
DA25/2380 Allen Price Pty Ltd - PAN-586063 - 2 Elian Cr...
DA25/2380/6 Determination - Allen Price Pty Ltd - PAN-586...
  + D25/567754 Water Development Notice - DA25 2380 - N1 
  *D25/555842 Approved Plans - Lot Layout - 2 Elian Cres So... 
  *D25/555830 Determination - Approval - 2 Elian Cres South... 
DA25/2380/5 Inspections - Allen Price Pty Ltd - PAN-58606...
DA25/2380/4 Assessment - Allen Price Pty Ltd - PAN-586063...
DA25/2380/7 Post Determination - Allen Price Pty Ltd - PA...
DA25/2380/3 Referrals - Allen Price Pty Ltd - PAN-586063 ...
DA25/2380/8 Connected Documents - Allen Price Pty Ltd - P...
DA25/2380/2 Notification / Submissions - Allen Price Pty ...",Not required
DA25/2389,https://www3.shoalhaven.nsw.gov.au/masterviewUI/modules/ApplicationMaster/default.aspx?page=wrapper&key=737367&propkey=30208, Multi dwelling housing development consisting of four two storey dwellings, 04/11/2025,AwaitInfo,Development Application,"59 Bolong Rd, BOMADERRY",Craig Johnson,"['Actioned|Description|Date Sent|Date Due|Date Rec.|Status', '31/10/2025|Development Application Received|2025-10-31||2025-10-31|Past']",$5679,"DA25/2389 Craig Johnson - PAN-586592 - 59 Bolong Road B...
DA25/2389/1 Application - Craig Johnson - PAN-586592 - 59...
  *D25/524284 Report - Biodiversity Offset Scheme - 59 Bolo... 
  *D25/524255 Forms - Waste Management Plan - 59 Bolong Roa... 
  *D25/524279 Report - NatHERS - Dwelling 1 - 59 Bolong Roa... 
  *D25/524293 Report - NatHERS - Dwelling 2 - 59 Bolong Roa... 
  *D25/524296 Report - NatHERS - Dwelling 3 - 59 Bolong Roa... 
  *D25/524292 Report - NatHERS - Dwelling 4 - 59 Bolong Roa... 
  *D25/524270 Report - NatHERS - Multi Dwelling - 59 Bolong... 
  *D25/524294 Report - Shoalhaven DCP Chapter G13 Assessmen... 
  *D25/524287 Report - Geotechnical - 59 Bolong Road BOMADE... 
  *D25/524271 Report - External Colour Schedule Dwelling 1 ... 
  *D25/524273 Report - External Colour Schedule Dwelling 2 ... 
  *D25/524253 Certificate - BASIX - Multi Dwelling - 59 Bol... 
  *D25/524277 Report - Design Verification Statement - 59 B... 
  *D25/524275 Report - Heritage Impact Statement - 59 Bolon... 
  *D25/524267 Plans - Civil Engineering - 59 Bolong Road BO... 
  *D25/524281 Report - Water Management Plan - 59 Bolong Ro... 
  *D25/524266 Plans - Subdivision - 59 Bolong Road BOMADERR... 
  *D25/524262 Plans - Notification - 59 Bolong Road BOMADER... 
  *D25/524263 Plans - Site - 59 Bolong Road BOMADERRY NSW 2... 
  *D25/530019 Reports - Amended Statement of Environmental ... 
DA25/2389/2 Notification / Submissions - Craig Johnson - ...
DA25/2389/3 Referrals - Craig Johnson - PAN-586592 - 59 B...
DA25/2389/7 Post Determination - Craig Johnson - PAN-5865...
DA25/2389/6 Determination - Craig Johnson - PAN-586592 - ...
DA25/2389/4 Assessment - Craig Johnson - PAN-586592 - 59 ...
DA25/2389/5 Inspections - Craig Johnson - PAN-586592 - 59...
DA25/2389/8 Connected Documents - Craig Johnson - PAN-586...",Not required
DA25/2390,https://www3.shoalhaven.nsw.gov.au/masterviewUI/modules/ApplicationMaster/default.aspx?page=wrapper&key=737370&propkey=72996, Shed with demolition of existing carport, 04/11/2025,Approved on 05/12/2025,Development Application,"889B Illaroo Rd, TAPITALLEE",Nest Residential Design,"['Actioned|Description|Date Sent|Date Due|Date Rec.|Status', '31/10/2025|Development Application Received|2025-10-31||2025-10-31|Past']",$821,"DA25/2390/1 Application - Nest Residential Design - PAN-5...
  *D25/524434 Plans - Waste Management - 889B Illaroo Road... 
  *D25/524440 Report - Statement of Environmental Effects ... 
  *D25/524442 Report - Bushfire Assessment - 889B Illaroo ... 
  *D25/524441 Report - Biodiversity Offsets Scheme - 889B I... 
  *D25/524432 Plans - Site - 889B Illaroo Road TAPITALLEE ... 
  *D25/524436 Plans - Notification - V2 - Uploaded 04/11/25... 
DA25/2390 Nest Residential Design - PAN-586606 - 889B I...
DA25/2390/2 Notification / Submissions - Nest Residential...
DA25/2390/7 Post Determination - Nest Residential Design ...
DA25/2390/4 Assessment - Nest Residential Design - PAN-58...
DA25/2390/3 Referrals - Nest Residential Design - PAN-586...
DA25/2390/8 Connected Documents - Nest Residential Design...
DA25/2390/5 Inspections - Nest Residential Design - PAN-5...
DA25/2390/6 Determination - Nest Residential Design - PAN...
  *D25/571034 Determination - Approval - DA2025/2390 - 889B... 
  *D25/571078 Approved Plans - DA2025/2390 - 889B Evelyn Ro... ",Not required
MA25/1360,https://www3.shoalhaven.nsw.gov.au/masterviewUI/modules/ApplicationMaster/default.aspx?page=wrapper&key=736909&propkey=118510," S4.55(1) to DA2025/1948 - Corrections and minor amendments to conditions 15, 16 and 21", 04/11/2025,Approved on 14/11/2025,Modification Application,"31 Holloway Rd, NOWRA
72 Park Rd, NOWRA",Cyclo Construction & Fitout Pty Ltd,"['Actioned|Description|Date Sent|Date Due|Date Rec.|Status', '27/10/2025|Modification Application Received|2025-10-27||2025-10-27|Past']",$150,"MA25/1360 Cyclo Construction & Fitout Pty Ltd - PAN-584...
MA25/1360/5 Inspections - Cyclo Construction & Fitout Pty...
MA25/1360/4 Assessment - Cyclo Construction & Fitout Pty ...
MA25/1360/3 Referrals - Cyclo Construction & Fitout Pty L...
MA25/1360/8 Connected Documents - Cyclo Construction & Fi...
MA25/1360/2 Notification / Submissions - Cyclo Constructi...
MA25/1360/6 Determination - Cyclo Construction & Fitout P...
  *D25/539092 Consolidated Consent MA2025 1360 221474 - 31 ... 
MA25/1360/1 Application - Cyclo Construction & Fitout Pty...
MA25/1360/7 Post Determination - Cyclo Construction & Fit...",Not required
MA25/1363,https://www3.shoalhaven.nsw.gov.au/masterviewUI/modules/ApplicationMaster/default.aspx?page=wrapper&key=737040&propkey=89179, S4.55(1) to DA2024/2226 - Modification to correct Condition 15 to reflect the correct Contributions Amount, 04/11/2025,Assigned,Modification Application,"9 Victa Way, BOMADERRY",Martin Morris & Jones Pty Ltd,"['Actioned|Description|Date Sent|Date Due|Date Rec.|Status', '28/10/2025|Modification Application Received|2025-10-28||2025-10-28|Past']",$150,"MA25/1363 Martin Morris & Jones Pty Ltd - PAN-585332 - ...
MA25/1363/2 Notification / Submissions - Martin Morris & ...
MA25/1363/1 Application - Martin Morris & Jones Pty Ltd -...
  *D25/522978 Plans - Site - 9 Victa Way BOMADERRY NSW 2541... 
  *D25/522979 Report - Statement of Environmental Effects -... 
MA25/1363/8 Connected Documents - Martin Morris & Jones P...
MA25/1363/6 Determination - Martin Morris & Jones Pty Ltd...
MA25/1363/5 Inspections - Martin Morris & Jones Pty Ltd -...
MA25/1363/3 Referrals - Martin Morris & Jones Pty Ltd - P...
MA25/1363/7 Post Determination - Martin Morris & Jones Pt...
MA25/1363/4 Assessment - Martin Morris & Jones Pty Ltd - ...",Not required
MA25/1367,https://www3.shoalhaven.nsw.gov.au/masterviewUI/modules/ApplicationMaster/default.aspx?page=wrapper&key=737308&propkey=90786, S4.55(1A) to DA2023/1805 - Modification is to reposition a secondary dwelling further from the street frontage, 05/11/2025,UnderAss,Modification Application,"50 Manyana Dr, MANYANA",John Peter Lees,"['Actioned|Description|Date Sent|Date Due|Date Rec.|Status', '31/10/2025|Modification Application Received|2025-10-31||2025-10-31|Past']",$1334,"MA25/1367/1 Application - J P Lees - PAN-586443 - 50 Many...
  *D25/524515 Certificate - BASIX - 50 Manyana Drive MANYA... 
  *D25/524523 Plans - Site - 50 Manyana Drive MANYANA NSW 2... 
  *D25/524522 Letter - Modification Cover Letter - 50 Manya... 
MA25/1367 J P Lees - PAN-586443 - 50 Manyana Drive MANY...
MA25/1367/4 Assessment - J P Lees - PAN-586443 - 50 Manya...
MA25/1367/2 Notification / Submissions - J P Lees - PAN-5...
MA25/1367/3 Referrals - J P Lees - PAN-586443 - 50 Manyan...
MA25/1367/6 Determination - J P Lees - PAN-586443 - 50 Ma...
MA25/1367/8 Connected Documents - J P Lees - PAN-586443 -...
MA25/1367/7 Post Determination - J P Lees - PAN-586443 - ...
MA25/1367/5 Inspections - J P Lees - PAN-586443 - 50 Many...",Not required
MA25/1366,https://www3.shoalhaven.nsw.gov.au/masterviewUI/modules/ApplicationMaster/default.aspx?page=wrapper&key=737255&propkey=19308," S4.55(1A) to DA22/1632 (as modified by DS22/1327) for the use of building 4 as a staff room for staff/trainees and volunteers, the construction of an attached deck, accessible WC, additional car parking and the inclusion of concrete walkways.", 14/11/2025,UnderAss,Modification Application,"Orsova Pde, ORIENT POINT",Siobhan Berkery,"['Actioned|Description|Date Sent|Date Due|Date Rec.|Status', '30/10/2025|Modification Application Received|2025-10-30||2025-10-30|Past']",Not required,"MA25/1366/2 Notification / Submissions - S Berkery - PAN-...
MA25/1366/3 Referrals - S Berkery - PAN-585088 - Orsova P...
MA25/1366/1 Application - S Berkery - PAN-585088 - Orsova...
  *D25/540600 Report - Cultural Heritage Statement - Orsova... 
  *D25/540597 Plans - Site - Orsova Parade ORIENT POINT NS... 
  *D25/540601 Report - Statement of Environmental Effects -... 
  *D25/540596 Letter - Cover Letter - V2 - Uploaded 13/11/2... 
MA25/1366/5 Inspections - S Berkery - PAN-585088 - Orsova...
MA25/1366/4 Assessment - S Berkery - PAN-585088 - Orsova ...
MA25/1366 S Berkery - PAN-585088 - Orsova Parade ORIENT...
MA25/1366/7 Post Determination - S Berkery - PAN-585088 -...
MA25/1366/6 Determination - S Berkery - PAN-585088 - Orso...
MA25/1366/8 Connected Documents - S Berkery - PAN-585088 ...",Not required
